Date,Price,Open,High,Low,Change %
2024-12-31,1.2511,1.2548,1.2571,1.2504,-0.0032
2024-12-30,1.2551,1.2571,1.2608,1.2505,-0.0022
2024-12-27,1.2579,1.2523,1.2594,1.2503,0.0043
2024-12-26,1.2525,1.2552,1.2553,1.25,-0.0022
2024-12-25,1.2553,1.2543,1.256,1.2526,0.0009
2024-12-24,1.2542,1.2536,1.2577,1.2517,0.0007000000000000001
2024-12-23,1.2533,1.2568,1.259,1.2509,-0.0029
2024-12-20,1.2569,1.2502,1.2615,1.2473,0.005600000000000001
2024-12-19,1.2499,1.2577,1.2668,1.2494,-0.0059
2024-12-18,1.2573,1.271,1.2724,1.2562,-0.0108
2024-12-17,1.271,1.2685,1.273,1.2665,0.0023
2024-12-16,1.2681,1.2614,1.27,1.2612,0.005
2024-12-13,1.2618,1.2677,1.2684,1.2607,-0.0040999999999999995
2024-12-12,1.267,1.2751,1.2789,1.2665,-0.0063
2024-12-11,1.275,1.2772,1.2783,1.2712,-0.0014000000000000002
2024-12-10,1.2768,1.2751,1.2779,1.2723,0.0015
2024-12-09,1.2749,1.2735,1.28,1.2716,0.0005
2024-12-06,1.2742,1.2759,1.2813,1.272,-0.0013
2024-12-05,1.2758,1.2703,1.2772,1.2692,0.0044
2024-12-04,1.2702,1.2673,1.2723,1.2629,0.0025
2024-12-03,1.267,1.2656,1.2701,1.2635,0.0012
2024-12-02,1.2655,1.2746,1.2746,1.2616,-0.0064
2024-11-29,1.2737,1.2685,1.2751,1.2671,0.0039000000000000003
2024-11-28,1.2687,1.268,1.2693,1.2644,0.0007000000000000001
2024-11-27,1.2678,1.2572,1.2696,1.2565,0.0088
2024-11-26,1.2568,1.2571,1.2618,1.2506,0.0001
2024-11-25,1.2567,1.2541,1.2615,1.2539,0.0029
2024-11-22,1.2531,1.2592,1.2596,1.2486,-0.0044
2024-11-21,1.2586,1.2651,1.2661,1.2575,-0.0051
2024-11-20,1.265,1.2681,1.2716,1.2629,-0.0025
2024-11-19,1.2682,1.2677,1.2691,1.2612,0.0005
2024-11-18,1.2676,1.2615,1.2688,1.2608,0.004699999999999999
2024-11-15,1.2617,1.2666,1.2699,1.2596,-0.0038
2024-11-14,1.2665,1.2707,1.2722,1.2629,-0.003
2024-11-13,1.2703,1.2747,1.277,1.2685,-0.0034999999999999996
2024-11-12,1.2747,1.2871,1.2875,1.2718,-0.0095
2024-11-11,1.2869,1.2917,1.2928,1.2854,-0.004
2024-11-08,1.2921,1.2989,1.2991,1.2882,-0.005
2024-11-07,1.2986,1.2882,1.3011,1.2874,0.0084
2024-11-06,1.2878,1.3043,1.3049,1.2833,-0.0125
2024-11-05,1.3041,1.2958,1.3044,1.2947,0.006500000000000001
2024-11-04,1.2957,1.2972,1.3001,1.2933,0.0024
2024-11-01,1.2926,1.2902,1.2982,1.2883,0.0022
2024-10-31,1.2898,1.2964,1.3001,1.2843,-0.0049
2024-10-30,1.2962,1.3016,1.3045,1.2936,-0.0040999999999999995
2024-10-29,1.3015,1.2973,1.3018,1.2957,0.0034000000000000002
2024-10-28,1.2971,1.2964,1.3003,1.2938,0.0009
2024-10-25,1.2959,1.2977,1.3,1.2955,-0.001
2024-10-24,1.2972,1.2921,1.2989,1.2908,0.004
2024-10-23,1.292,1.2983,1.2996,1.2906,-0.0049
2024-10-22,1.2983,1.2984,1.3016,1.2944,-0.0001
2024-10-21,1.2984,1.3043,1.306,1.2976,-0.0049
2024-10-18,1.3048,1.3011,1.3073,1.3004,0.0029
2024-10-17,1.301,1.299,1.3024,1.2973,0.0015
2024-10-16,1.299,1.3074,1.3079,1.2975,-0.0063
2024-10-15,1.3072,1.306,1.3104,1.3034,0.001
2024-10-14,1.3059,1.3064,1.3073,1.3029,-0.0005
2024-10-11,1.3066,1.3059,1.3085,1.304,0.0006
2024-10-10,1.3058,1.3072,1.3096,1.3021,-0.0009
2024-10-09,1.307,1.3104,1.3108,1.3054,-0.0026
2024-10-08,1.3104,1.3083,1.3115,1.3063,0.0016
2024-10-07,1.3083,1.3105,1.3136,1.3058,-0.0025
2024-10-04,1.3116,1.3125,1.3176,1.3068,-0.0006
2024-10-03,1.3124,1.3268,1.3277,1.3091,-0.0108
2024-10-02,1.3267,1.3285,1.3307,1.3245,-0.0014000000000000002
2024-10-01,1.3285,1.3375,1.3391,1.3236,-0.0064
2024-09-30,1.337,1.3369,1.3425,1.3349,-0.0002
2024-09-27,1.3373,1.3415,1.3429,1.3359,-0.0031
2024-09-26,1.3415,1.3324,1.3436,1.3311,0.0069
2024-09-25,1.3323,1.3412,1.3431,1.3311,-0.0066
2024-09-24,1.3412,1.3347,1.3418,1.3331,0.0049
2024-09-23,1.3346,1.332,1.3361,1.3247,0.0019
2024-09-20,1.3321,1.3284,1.3342,1.3267,0.0028000000000000004
2024-09-19,1.3284,1.3213,1.3316,1.3152,0.0054
2024-09-18,1.3212,1.3161,1.3299,1.3155,0.004
2024-09-17,1.316,1.3216,1.3231,1.3145,-0.0042
2024-09-16,1.3216,1.3124,1.322,1.312,0.0072
2024-09-13,1.3122,1.3125,1.3159,1.3113,-0.0001
2024-09-12,1.3123,1.3046,1.3129,1.3031,0.0060999999999999995
2024-09-11,1.3043,1.308,1.3113,1.3001,-0.0028000000000000004
2024-09-10,1.3079,1.3074,1.3109,1.3048,0.0005
2024-09-09,1.3072,1.3118,1.3145,1.3067,-0.0039000000000000003
2024-09-06,1.3123,1.3178,1.324,1.3109,-0.0039000000000000003
2024-09-05,1.3175,1.3147,1.3187,1.3136,0.0025
2024-09-04,1.3142,1.3113,1.3176,1.3099,0.0024
2024-09-03,1.3111,1.3151,1.3151,1.3086,-0.0029
2024-09-02,1.3149,1.3122,1.3157,1.3119,0.0018
2024-08-30,1.3126,1.3166,1.3201,1.3108,-0.0032
2024-08-29,1.3168,1.3191,1.3229,1.3144,-0.0017000000000000001
2024-08-28,1.319,1.3259,1.3264,1.3167,-0.0049
2024-08-27,1.3255,1.319,1.3268,1.3179,0.0049
2024-08-26,1.319,1.3214,1.3226,1.3179,-0.0014000000000000002
2024-08-23,1.3209,1.309,1.3232,1.3085,0.0092
2024-08-22,1.3088,1.3093,1.3131,1.3075,-0.0003
2024-08-21,1.3092,1.3033,1.3121,1.301,0.0048
2024-08-20,1.3029,1.2995,1.3054,1.2973,0.0032
2024-08-19,1.2988,1.2936,1.2998,1.2932,0.0034000000000000002
2024-08-16,1.2944,1.2854,1.2947,1.2851,0.0072
2024-08-15,1.2851,1.2827,1.2873,1.2798,0.002
2024-08-14,1.2825,1.2862,1.287,1.2819,-0.0025
2024-08-13,1.2857,1.2766,1.2874,1.276,0.0073
2024-08-12,1.2764,1.2757,1.2795,1.2746,0.0004
2024-08-09,1.2759,1.2749,1.2775,1.2725,0.0009
2024-08-08,1.2747,1.2691,1.2754,1.2664,0.0044
2024-08-07,1.2691,1.2691,1.2737,1.268,0.0002
2024-08-06,1.2689,1.2778,1.2805,1.2672,-0.0066
2024-08-05,1.2773,1.2808,1.2818,1.2708,-0.002
2024-08-02,1.2798,1.2749,1.2841,1.2706,0.0046
2024-08-01,1.2739,1.2857,1.2865,1.2726,-0.0091
2024-07-31,1.2856,1.2836,1.2866,1.282,0.0017000000000000001
2024-07-30,1.2834,1.2862,1.2868,1.2819,-0.0019
2024-07-29,1.2859,1.2874,1.289,1.2805,-0.001
2024-07-26,1.2872,1.2852,1.288,1.2849,0.0016
2024-07-25,1.2851,1.2907,1.2917,1.2849,-0.0043
2024-07-24,1.2906,1.2907,1.2939,1.2876,0.0001
2024-07-23,1.2905,1.2934,1.2937,1.2887,-0.0021
2024-07-22,1.2932,1.2912,1.2944,1.2904,0.001
2024-07-19,1.2919,1.2944,1.2955,1.29,-0.0017000000000000001
2024-07-18,1.2941,1.301,1.3015,1.2939,-0.0052
2024-07-17,1.3008,1.2973,1.3046,1.2965,0.0033
2024-07-16,1.2965,1.2967,1.2981,1.2937,-0.0001
2024-07-15,1.2966,1.2994,1.2996,1.2959,-0.002
2024-07-12,1.2992,1.2911,1.2995,1.2901,0.0064
2024-07-11,1.2909,1.2849,1.295,1.2846,0.005
2024-07-10,1.2845,1.2787,1.2851,1.2782,0.0049
2024-07-09,1.2783,1.281,1.2827,1.2777,-0.0016
2024-07-08,1.2804,1.2789,1.2847,1.2788,-0.0003
2024-07-05,1.2808,1.276,1.2819,1.2753,0.004
2024-07-04,1.2757,1.2742,1.2769,1.274,0.0013
2024-07-03,1.274,1.2677,1.2779,1.2673,0.0044
2024-07-02,1.2684,1.2647,1.2689,1.2614,0.0029
2024-07-01,1.2647,1.2644,1.271,1.2632,0.0004
2024-06-28,1.2642,1.2639,1.2665,1.2619,0.0003
2024-06-27,1.2638,1.2625,1.2672,1.2612,0.0014000000000000002
2024-06-26,1.262,1.2686,1.2695,1.2614,-0.005
2024-06-25,1.2683,1.2681,1.2704,1.2669,0.0003
2024-06-24,1.2679,1.2646,1.27,1.2631,0.0027
2024-06-21,1.2645,1.2658,1.2677,1.2622,-0.0008
2024-06-20,1.2655,1.2719,1.2726,1.2653,-0.0049
2024-06-19,1.2717,1.2708,1.2741,1.2697,0.0008
2024-06-18,1.2707,1.2702,1.2722,1.2668,0.0003
2024-06-17,1.2703,1.2686,1.2711,1.2658,0.0017000000000000001
2024-06-14,1.2682,1.2761,1.2765,1.2656,-0.006
2024-06-13,1.2759,1.2799,1.2809,1.2737,-0.0029
2024-06-12,1.2796,1.2742,1.2862,1.2731,0.0044
2024-06-11,1.274,1.2731,1.2753,1.2705,0.0008
2024-06-10,1.273,1.2723,1.2739,1.2687,0.0007000000000000001
2024-06-07,1.2721,1.279,1.2813,1.2715,-0.0052
2024-06-06,1.2788,1.2787,1.2811,1.2761,0.0002
2024-06-05,1.2785,1.2765,1.2796,1.2754,0.0017000000000000001
2024-06-04,1.2763,1.2807,1.2819,1.2742,-0.0032
2024-06-03,1.2804,1.2732,1.2809,1.2694,0.0051
2024-05-31,1.2739,1.2732,1.2767,1.2699,0.0007000000000000001
2024-05-30,1.273,1.2701,1.2748,1.268,0.0018
2024-05-29,1.2707,1.2761,1.2778,1.2698,-0.0042
2024-05-28,1.276,1.277,1.2802,1.2753,-0.0005
2024-05-27,1.2767,1.273,1.2779,1.273,0.0021
2024-05-24,1.274,1.2692,1.2752,1.2678,0.0034000000000000002
2024-05-23,1.2697,1.2717,1.2748,1.2684,-0.0014000000000000002
2024-05-22,1.2715,1.2709,1.2763,1.2699,0.0006
2024-05-21,1.2707,1.2706,1.2728,1.2686,0.0002
2024-05-20,1.2704,1.2701,1.2727,1.2686,0.0004
2024-05-17,1.2699,1.2672,1.2713,1.2644,0.0026
2024-05-16,1.2666,1.2681,1.2702,1.2642,-0.0015
2024-05-15,1.2685,1.2592,1.2688,1.2582,0.0077
2024-05-14,1.2588,1.2559,1.2594,1.2508,0.0024
2024-05-13,1.2558,1.2523,1.257,1.2516,0.003
2024-05-10,1.2521,1.2524,1.2542,1.2501,-0.0001
2024-05-09,1.2522,1.2491,1.2528,1.2445,0.0021
2024-05-08,1.2496,1.2509,1.2522,1.2466,-0.0006
2024-05-07,1.2504,1.2561,1.2572,1.25,-0.0045000000000000005
2024-05-06,1.2561,1.2546,1.2596,1.2537,0.0014000000000000002
2024-05-03,1.2544,1.2535,1.2635,1.2521,0.001
2024-05-02,1.2531,1.2521,1.2546,1.2471,0.0005
2024-05-01,1.2525,1.2494,1.2551,1.2465,0.0028000000000000004
2024-04-30,1.249,1.2561,1.2566,1.2489,-0.005699999999999999
2024-04-29,1.2561,1.2491,1.2571,1.2479,0.0058
2024-04-26,1.2489,1.252,1.2542,1.2448,-0.0019
2024-04-25,1.2513,1.2464,1.2527,1.2449,0.0042
2024-04-24,1.2461,1.245,1.2471,1.2421,0.001
2024-04-23,1.2448,1.2349,1.246,1.233,0.008
2024-04-22,1.2349,1.2373,1.2394,1.2298,-0.0018
2024-04-19,1.2371,1.2436,1.247,1.2365,-0.0051
2024-04-18,1.2435,1.2454,1.2486,1.2432,-0.0009
2024-04-17,1.2446,1.2427,1.2483,1.2416,0.0018
2024-04-16,1.2424,1.2441,1.2473,1.2405,-0.0016
2024-04-15,1.2444,1.2451,1.25,1.2435,-0.0005
2024-04-12,1.245,1.2553,1.256,1.2425,-0.008
2024-04-11,1.255,1.2535,1.258,1.251,0.0015
2024-04-10,1.2531,1.2679,1.2709,1.2519,-0.011399999999999999
2024-04-09,1.2676,1.2651,1.2711,1.2647,0.0019
2024-04-08,1.2652,1.2638,1.2665,1.2612,0.0013
2024-04-05,1.2636,1.2643,1.265,1.2573,-0.0003
2024-04-04,1.264,1.2652,1.2685,1.2634,-0.0009
2024-04-03,1.2651,1.2578,1.2657,1.2561,0.0059
2024-04-02,1.2577,1.2551,1.258,1.2538,0.0022
2024-04-01,1.255,1.2631,1.2644,1.2538,-0.0058
2024-03-29,1.2623,1.2623,1.2647,1.2609,0.0001
2024-03-28,1.2622,1.264,1.2656,1.2585,-0.0013
2024-03-27,1.2638,1.2628,1.2643,1.2604,0.001
2024-03-26,1.2625,1.2638,1.2669,1.2621,-0.0007000000000000001
2024-03-25,1.2634,1.26,1.2654,1.2591,0.0026
2024-03-22,1.2601,1.2658,1.2677,1.2574,-0.0043
2024-03-21,1.2656,1.2786,1.2805,1.2649,-0.01
2024-03-20,1.2784,1.2722,1.2789,1.2683,0.005
2024-03-19,1.272,1.273,1.2734,1.2666,-0.0006
2024-03-18,1.2727,1.2733,1.2748,1.2717,-0.0009
2024-03-15,1.2739,1.2753,1.276,1.2724,-0.0009
2024-03-14,1.2751,1.2797,1.2824,1.2729,-0.0034999999999999996
2024-03-13,1.2796,1.2795,1.2813,1.2773,0.0004
2024-03-12,1.2791,1.2814,1.2837,1.2745,-0.0016
2024-03-11,1.2812,1.2865,1.2867,1.2794,-0.0034999999999999996
2024-03-08,1.2857,1.2811,1.2895,1.28,0.004
2024-03-07,1.2806,1.2742,1.2812,1.2722,0.006
2024-03-06,1.2729,1.2706,1.2763,1.2689,0.002
2024-03-05,1.2703,1.2692,1.2736,1.267,0.001
2024-03-04,1.269,1.2656,1.2708,1.265,0.0032
2024-03-01,1.265,1.2625,1.2665,1.2599,0.0021
2024-02-29,1.2623,1.2662,1.2683,1.2611,-0.003
2024-02-28,1.2661,1.2684,1.2689,1.262,-0.0017000000000000001
2024-02-27,1.2683,1.2685,1.2698,1.2659,0.0001
2024-02-26,1.2682,1.2666,1.2701,1.2656,0.0002
2024-02-23,1.2679,1.2659,1.2702,1.2648,0.0016
2024-02-22,1.2659,1.2638,1.2711,1.261,0.002
2024-02-21,1.2634,1.2622,1.2643,1.2601,0.0013
2024-02-20,1.2618,1.2591,1.267,1.2578,0.002
2024-02-19,1.2593,1.2603,1.2631,1.2582,-0.0004
2024-02-16,1.2598,1.26,1.2626,1.255,-0.0002
2024-02-15,1.26,1.2565,1.2603,1.2541,0.0028000000000000004
2024-02-14,1.2565,1.259,1.2613,1.2534,-0.0019
2024-02-13,1.2589,1.263,1.2685,1.2572,-0.0029
2024-02-12,1.2626,1.2625,1.2656,1.2605,0.0006
2024-02-09,1.2619,1.2622,1.2644,1.2598,0.0002
2024-02-08,1.2616,1.2626,1.264,1.2571,-0.0007000000000000001
2024-02-07,1.2625,1.2598,1.2643,1.2591,0.0022
2024-02-06,1.2597,1.2536,1.2605,1.2529,0.0052
2024-02-05,1.2532,1.2633,1.2644,1.2517,-0.0078000000000000005
2024-02-02,1.263,1.2744,1.2774,1.2613,-0.0088
2024-02-01,1.2742,1.2687,1.2757,1.2624,0.0045000000000000005
2024-01-31,1.2685,1.2699,1.2752,1.2657,-0.0009
2024-01-30,1.2697,1.271,1.2723,1.2639,-0.0008
2024-01-29,1.2707,1.2697,1.272,1.2661,0.0004
2024-01-26,1.2702,1.271,1.2759,1.2674,-0.0005
2024-01-25,1.2708,1.2721,1.2744,1.268,-0.0012
2024-01-24,1.2723,1.2688,1.2776,1.2677,0.0028000000000000004
2024-01-23,1.2687,1.2709,1.2749,1.2648,-0.0015
2024-01-22,1.2706,1.2692,1.2734,1.2686,0.0005
2024-01-19,1.27,1.2706,1.2716,1.266,-0.0004
2024-01-18,1.2705,1.2677,1.271,1.2647,0.0026
2024-01-17,1.2672,1.2633,1.2698,1.2595,0.0028000000000000004
2024-01-16,1.2636,1.2733,1.2738,1.2618,-0.006999999999999999
2024-01-15,1.2725,1.2749,1.2767,1.2712,-0.002
2024-01-12,1.2751,1.2759,1.2787,1.2718,-0.0007000000000000001
2024-01-11,1.276,1.2742,1.2776,1.2689,0.0016
2024-01-10,1.2739,1.2709,1.2746,1.2685,0.0027
2024-01-09,1.2705,1.2749,1.2766,1.2688,-0.0033
2024-01-08,1.2747,1.2721,1.2768,1.2672,0.0024
2024-01-05,1.2716,1.2682,1.2772,1.261,0.0029
2024-01-04,1.2679,1.2665,1.2731,1.2656,0.0013
2024-01-03,1.2662,1.2618,1.2678,1.2614,0.0038
2024-01-02,1.2614,1.273,1.2761,1.2609,-0.0086
2024-01-01,1.2723,1.2731,1.2751,1.2713,-0.0005
2023-12-29,1.2729,1.2731,1.2774,1.2699,-0.0001
2023-12-28,1.273,1.2797,1.2829,1.2711,-0.005
2023-12-27,1.2794,1.2719,1.2804,1.2697,0.0053
2023-12-26,1.2726,1.2693,1.2732,1.2683,0.0029
2023-12-25,1.2689,1.2709,1.2728,1.2682,-0.0009
2023-12-22,1.27,1.2687,1.2746,1.2672,0.0009
2023-12-21,1.2688,1.2639,1.2697,1.2611,0.004
2023-12-20,1.2637,1.2731,1.2737,1.2624,-0.0073
2023-12-19,1.273,1.2645,1.2763,1.2639,0.006999999999999999
2023-12-18,1.2642,1.2679,1.2706,1.2628,-0.0026
2023-12-15,1.2675,1.2765,1.2792,1.2667,-0.0070999999999999995
2023-12-14,1.2766,1.2617,1.2796,1.2611,0.011699999999999999
2023-12-13,1.2618,1.2563,1.2636,1.2499,0.0045000000000000005
2023-12-12,1.2561,1.2556,1.2616,1.2513,0.0006
2023-12-11,1.2553,1.2543,1.2592,1.2531,0.0006
2023-12-08,1.2546,1.2594,1.2603,1.2501,-0.0034999999999999996
2023-12-07,1.259,1.256,1.2614,1.2543,0.0025
2023-12-06,1.2559,1.2601,1.2615,1.255,-0.0027
2023-12-05,1.2593,1.2629,1.2653,1.2576,-0.0031
2023-12-04,1.2632,1.2714,1.2727,1.2603,-0.0054
2023-12-01,1.27,1.2623,1.2718,1.2613,0.0062
2023-11-30,1.2622,1.2697,1.2711,1.2602,-0.005699999999999999
2023-11-29,1.2694,1.2698,1.2735,1.2664,0.0001
2023-11-28,1.2693,1.2628,1.2716,1.2606,0.0054
2023-11-27,1.2625,1.2595,1.2646,1.259,0.0017000000000000001
2023-11-24,1.2603,1.2532,1.2617,1.2523,0.005600000000000001
2023-11-23,1.2533,1.2491,1.2564,1.2487,0.0033
2023-11-22,1.2492,1.2539,1.2551,1.2448,-0.0036
2023-11-21,1.2537,1.2507,1.2561,1.2499,0.0026
2023-11-20,1.2504,1.2456,1.2519,1.2445,0.0034999999999999996
2023-11-17,1.2461,1.2415,1.2466,1.2373,0.0044
2023-11-16,1.2406,1.2416,1.2457,1.2375,-0.001
2023-11-15,1.2418,1.25,1.2502,1.2403,-0.0063
2023-11-14,1.2497,1.2279,1.2507,1.2263,0.0178
2023-11-13,1.2278,1.2219,1.2282,1.2212,0.0046
2023-11-10,1.2222,1.2224,1.2239,1.2186,0.0001
2023-11-09,1.2221,1.2285,1.231,1.2212,-0.005
2023-11-08,1.2282,1.2299,1.2306,1.224,-0.0014000000000000002
2023-11-07,1.2299,1.2344,1.2352,1.2261,-0.0034000000000000002
2023-11-06,1.2341,1.2371,1.243,1.2337,-0.0028000000000000004
2023-11-03,1.2376,1.2199,1.2391,1.2183,0.0143
2023-11-02,1.2201,1.2152,1.2227,1.2137,0.0042
2023-11-01,1.215,1.2155,1.2166,1.2095,-0.0002
2023-10-31,1.2152,1.217,1.2202,1.2119,-0.0013
2023-10-30,1.2168,1.2118,1.2176,1.209,0.0038
2023-10-27,1.2122,1.2128,1.2163,1.2105,-0.0003
2023-10-26,1.2126,1.2113,1.2141,1.2069,0.0015
2023-10-25,1.2108,1.2166,1.2177,1.2106,-0.0042
2023-10-24,1.2159,1.2248,1.229,1.2153,-0.0073
2023-10-23,1.2248,1.216,1.226,1.2142,0.0072
2023-10-20,1.216,1.2144,1.2172,1.2092,0.0014000000000000002
2023-10-19,1.2143,1.2141,1.2192,1.209,0.0002
2023-10-18,1.214,1.2183,1.2213,1.2136,-0.0031
2023-10-17,1.2178,1.2218,1.2219,1.2133,-0.0031
2023-10-16,1.2216,1.2138,1.222,1.2134,0.0062
2023-10-13,1.2141,1.2183,1.2227,1.2121,-0.0026
2023-10-12,1.2173,1.2313,1.2333,1.2171,-0.011200000000000002
2023-10-11,1.2311,1.2286,1.2339,1.2268,0.0021
2023-10-10,1.2285,1.2239,1.2293,1.2211,0.004
2023-10-09,1.2236,1.2227,1.2245,1.2162,-0.0002
2023-10-06,1.2238,1.2192,1.2263,1.2105,0.0039000000000000003
2023-10-05,1.219,1.2136,1.2197,1.2107,0.0051
2023-10-04,1.2128,1.2074,1.2178,1.2036,0.0044
2023-10-03,1.2075,1.2092,1.2103,1.2052,-0.0009
2023-10-02,1.2086,1.2201,1.2221,1.2086,-0.0091
2023-09-29,1.2197,1.22,1.2273,1.2179,0.0
2023-09-28,1.2197,1.2135,1.2226,1.2119,0.0052
2023-09-27,1.2134,1.2169,1.2169,1.211,-0.0019
2023-09-26,1.2157,1.2209,1.2217,1.2151,-0.0044
2023-09-25,1.2211,1.2246,1.2251,1.2193,-0.0022
2023-09-22,1.2238,1.2301,1.2301,1.223,-0.0046
2023-09-21,1.2294,1.2349,1.2356,1.2236,-0.0040999999999999995
2023-09-20,1.2344,1.2392,1.2422,1.2332,-0.0037
2023-09-19,1.239,1.2385,1.2426,1.237,0.0006
2023-09-18,1.2382,1.2385,1.2412,1.237,-0.0006
2023-09-15,1.2389,1.241,1.2447,1.2378,-0.0016
2023-09-14,1.2409,1.2486,1.2507,1.2395,-0.0063
2023-09-13,1.2488,1.2486,1.2513,1.2434,0.0003
2023-09-12,1.2484,1.2508,1.2532,1.2458,-0.002
2023-09-11,1.2509,1.2483,1.2549,1.2471,0.0036
2023-09-08,1.2464,1.2474,1.2515,1.245,-0.0007000000000000001
2023-09-07,1.2473,1.2507,1.2511,1.2445,-0.0026
2023-09-06,1.2505,1.2565,1.2589,1.2482,-0.0046
2023-09-05,1.2563,1.2621,1.2632,1.2528,-0.0046
2023-09-04,1.2621,1.2588,1.2644,1.2584,0.0026
2023-09-01,1.2588,1.2674,1.2714,1.2577,-0.0067
2023-08-31,1.2673,1.2721,1.2736,1.2651,-0.0034999999999999996
2023-08-30,1.2718,1.2644,1.2747,1.2618,0.0063
2023-08-29,1.2638,1.2604,1.2656,1.2562,0.0028000000000000004
2023-08-28,1.2603,1.2578,1.2612,1.2565,0.0021
2023-08-25,1.2577,1.2601,1.2655,1.2548,-0.0017000000000000001
2023-08-24,1.2599,1.2731,1.2731,1.2591,-0.01
2023-08-23,1.2726,1.2733,1.2766,1.2615,-0.0003
2023-08-22,1.273,1.2757,1.2802,1.2717,-0.0019
2023-08-21,1.2754,1.2733,1.2767,1.2709,0.0019
2023-08-18,1.273,1.2745,1.2767,1.2688,-0.0012
2023-08-17,1.2745,1.2729,1.2788,1.2702,0.0014000000000000002
2023-08-16,1.2727,1.2707,1.2768,1.2687,0.0019
2023-08-15,1.2703,1.269,1.2753,1.2674,0.0018
2023-08-14,1.268,1.2688,1.2716,1.2615,-0.0011
2023-08-11,1.2694,1.2678,1.274,1.2665,0.0015
2023-08-10,1.2675,1.2718,1.2819,1.2669,-0.0034000000000000002
2023-08-09,1.2718,1.2746,1.2783,1.2711,-0.0022
2023-08-08,1.2746,1.2785,1.2788,1.2684,-0.003
2023-08-07,1.2784,1.2753,1.279,1.2713,0.0028000000000000004
2023-08-04,1.2748,1.2714,1.2794,1.2688,0.0028000000000000004
2023-08-03,1.2713,1.2711,1.2729,1.2622,0.0003
2023-08-02,1.2709,1.2777,1.2807,1.268,-0.0053
2023-08-01,1.2777,1.2838,1.2843,1.274,-0.004699999999999999
2023-07-31,1.2837,1.2849,1.2874,1.2828,-0.001
2023-07-28,1.285,1.2797,1.2888,1.2763,0.0045000000000000005
2023-07-27,1.2793,1.2939,1.2997,1.2781,-0.0113
2023-07-26,1.2939,1.2898,1.2961,1.2875,0.003
2023-07-25,1.29,1.2829,1.2905,1.2809,0.0053
2023-07-24,1.2832,1.2859,1.2885,1.2797,-0.0018
2023-07-21,1.2855,1.2867,1.2905,1.2816,-0.0008
2023-07-20,1.2865,1.2938,1.2966,1.2839,-0.005600000000000001
2023-07-19,1.2937,1.3042,1.3046,1.2868,-0.0074
2023-07-18,1.3034,1.3078,1.3127,1.3028,-0.0028000000000000004
2023-07-17,1.3071,1.3088,1.311,1.3051,-0.0011
2023-07-14,1.3086,1.3132,1.3146,1.3087,-0.0036
2023-07-13,1.3133,1.2984,1.3141,1.2981,0.0113
2023-07-12,1.2986,1.2932,1.3002,1.2903,0.0042
2023-07-11,1.2932,1.2857,1.2936,1.2854,0.005699999999999999
2023-07-10,1.2859,1.2835,1.2869,1.275,0.0018
2023-07-07,1.2836,1.2737,1.2851,1.2725,0.0075
2023-07-06,1.274,1.2698,1.2782,1.2673,0.0028000000000000004
2023-07-05,1.2704,1.2713,1.2737,1.2687,-0.0006
2023-07-04,1.2712,1.2694,1.274,1.2682,0.0017000000000000001
2023-07-03,1.2691,1.2687,1.2725,1.2658,-0.001
2023-06-30,1.2704,1.2619,1.2729,1.2599,0.0073
2023-06-29,1.2612,1.2635,1.2667,1.2591,-0.0022
2023-06-28,1.264,1.2753,1.2754,1.2607,-0.0083
2023-06-27,1.2746,1.2716,1.2761,1.2702,0.0027
2023-06-26,1.2712,1.2711,1.275,1.2687,0.0001
2023-06-23,1.2711,1.2743,1.2756,1.2686,-0.0027
2023-06-22,1.2746,1.2771,1.2839,1.2724,-0.0018
2023-06-21,1.2769,1.2764,1.2803,1.2691,0.0006
2023-06-20,1.2761,1.2792,1.2808,1.2714,-0.0023
2023-06-19,1.279,1.2819,1.2838,1.277,-0.0021
2023-06-16,1.2817,1.2781,1.285,1.2767,0.0028000000000000004
2023-06-15,1.2781,1.2666,1.2787,1.2629,0.0095
2023-06-14,1.2661,1.2612,1.27,1.2601,0.0039000000000000003
2023-06-13,1.2612,1.2505,1.2626,1.25,0.008100000000000001
2023-06-12,1.2511,1.2572,1.2601,1.2486,-0.0046
2023-06-09,1.2569,1.2557,1.2592,1.2534,0.0013
2023-06-08,1.2553,1.2436,1.2563,1.2433,0.0096
2023-06-07,1.2434,1.2427,1.2501,1.2394,0.0008
2023-06-06,1.2424,1.2431,1.246,1.2391,-0.001
2023-06-05,1.2437,1.2458,1.2458,1.2368,-0.0009
2023-06-02,1.2448,1.2527,1.2545,1.2441,-0.0060999999999999995
2023-06-01,1.2525,1.244,1.2541,1.24,0.0070999999999999995
2023-05-31,1.2437,1.2415,1.2445,1.2347,0.0019
2023-05-30,1.2413,1.2354,1.2448,1.2327,0.005
2023-05-29,1.2351,1.2344,1.2373,1.2335,0.0006
2023-05-26,1.2343,1.2325,1.2397,1.2311,0.0018
2023-05-25,1.2321,1.2364,1.2388,1.2307,-0.0034999999999999996
2023-05-24,1.2364,1.2414,1.2471,1.2357,-0.0037
2023-05-23,1.241,1.244,1.2448,1.2372,-0.0022
2023-05-22,1.2437,1.2449,1.2473,1.2414,-0.0006
2023-05-19,1.2444,1.2409,1.2485,1.2392,0.0029
2023-05-18,1.2408,1.2488,1.2494,1.2391,-0.0062
2023-05-17,1.2486,1.2489,1.2512,1.2421,0.0001
2023-05-16,1.2485,1.2523,1.2548,1.2465,-0.0034000000000000002
2023-05-15,1.2527,1.2456,1.2536,1.2443,0.005600000000000001
2023-05-12,1.2457,1.2514,1.2542,1.2444,-0.0042
2023-05-11,1.2509,1.2625,1.2642,1.2496,-0.0091
2023-05-10,1.2624,1.2621,1.268,1.2601,0.0004
2023-05-09,1.2619,1.2618,1.2641,1.2578,0.0002
2023-05-08,1.2617,1.2641,1.267,1.2613,-0.0019
2023-05-05,1.2641,1.2571,1.2653,1.2559,0.0055000000000000005
2023-05-04,1.2572,1.2556,1.26,1.2548,0.0006
2023-05-03,1.2564,1.2463,1.2591,1.2463,0.008
2023-05-02,1.2464,1.2497,1.2514,1.2435,-0.0026
2023-05-01,1.2496,1.2566,1.2572,1.2479,-0.006
2023-04-28,1.2572,1.2498,1.2585,1.2445,0.0068000000000000005
2023-04-27,1.2487,1.2466,1.2501,1.2436,0.0016
2023-04-26,1.2467,1.2408,1.2516,1.2402,0.0048
2023-04-25,1.2408,1.248,1.2508,1.2386,-0.0059
2023-04-24,1.2482,1.2439,1.2487,1.2409,0.0042
2023-04-21,1.243,1.2435,1.2449,1.2366,-0.001
2023-04-20,1.2443,1.2443,1.2469,1.2405,0.0004
2023-04-19,1.2438,1.2428,1.2476,1.2392,0.0011
2023-04-18,1.2424,1.2373,1.245,1.2368,0.004
2023-04-17,1.2374,1.2414,1.244,1.2352,-0.0031
2023-04-14,1.2413,1.2525,1.2548,1.2399,-0.0085
2023-04-13,1.252,1.2485,1.2538,1.2478,0.0031
2023-04-12,1.2481,1.2426,1.2496,1.2398,0.0046
2023-04-11,1.2424,1.2383,1.2457,1.2379,0.0034999999999999996
2023-04-10,1.2381,1.2423,1.2444,1.2344,-0.0026
2023-04-07,1.2413,1.2441,1.2457,1.239,-0.0021
2023-04-06,1.2439,1.2462,1.249,1.2412,-0.0014000000000000002
2023-04-05,1.2457,1.2502,1.2515,1.2433,-0.0034000000000000002
2023-04-04,1.2499,1.2415,1.2527,1.2394,0.0070999999999999995
2023-04-03,1.2411,1.2329,1.2424,1.2274,0.0063
2023-03-31,1.2333,1.2385,1.2424,1.2325,-0.004
2023-03-30,1.2383,1.2313,1.2394,1.2293,0.0058
2023-03-29,1.2311,1.2343,1.2363,1.2303,-0.0024
2023-03-28,1.234,1.2284,1.235,1.228,0.0046
2023-03-27,1.2284,1.2229,1.2295,1.2218,0.0044
2023-03-24,1.223,1.229,1.2294,1.219,-0.0045000000000000005
2023-03-23,1.2285,1.2268,1.2344,1.2261,0.0017000000000000001
2023-03-22,1.2264,1.2215,1.2336,1.2207,0.0040999999999999995
2023-03-21,1.2214,1.2278,1.2284,1.2178,-0.0051
2023-03-20,1.2276,1.2207,1.2286,1.2167,0.0083
2023-03-17,1.2175,1.211,1.2202,1.2099,0.005600000000000001
2023-03-16,1.2107,1.2068,1.2129,1.2027,0.0034999999999999996
2023-03-15,1.2065,1.216,1.2183,1.201,-0.0076
2023-03-14,1.2158,1.2184,1.2205,1.2135,-0.0019
2023-03-13,1.2181,1.204,1.2201,1.204,0.0127
2023-03-10,1.2028,1.1926,1.2114,1.1908,0.0086
2023-03-09,1.1925,1.1845,1.194,1.1831,0.006999999999999999
2023-03-08,1.1842,1.1837,1.186,1.1803,0.0013
2023-03-07,1.1827,1.2025,1.2067,1.1821,-0.0161
2023-03-06,1.2021,1.2038,1.205,1.1992,-0.0016
2023-03-03,1.204,1.1943,1.2049,1.1939,0.0083
2023-03-02,1.1941,1.2031,1.2038,1.1924,-0.0075
2023-03-01,1.2031,1.2021,1.209,1.1964,0.0009
2023-02-28,1.202,1.2065,1.2145,1.2018,-0.0034999999999999996
2023-02-27,1.2062,1.1957,1.2067,1.1922,0.009899999999999999
2023-02-24,1.1944,1.2012,1.2042,1.1928,-0.005699999999999999
2023-02-23,1.2013,1.2055,1.2076,1.1991,-0.0026
2023-02-22,1.2044,1.2115,1.2136,1.2034,-0.0059
2023-02-21,1.2115,1.204,1.2148,1.1985,0.0064
2023-02-20,1.2038,1.205,1.2059,1.2014,0.0002
2023-02-17,1.2035,1.1998,1.2053,1.1914,0.0034999999999999996
2023-02-16,1.1993,1.2028,1.2076,1.1964,-0.0027
2023-02-15,1.2026,1.2172,1.2183,1.199,-0.0118
2023-02-14,1.217,1.2137,1.227,1.2117,0.0029
2023-02-13,1.2135,1.207,1.2153,1.203,0.0064
2023-02-10,1.2058,1.2124,1.2141,1.2047,-0.0053
2023-02-09,1.2122,1.2072,1.2195,1.2056,0.0042
2023-02-08,1.2071,1.2046,1.2111,1.2036,0.0024
2023-02-07,1.2042,1.2024,1.2097,1.196,0.0022
2023-02-06,1.2016,1.2042,1.2079,1.2004,-0.0029
2023-02-03,1.2051,1.2225,1.2267,1.2047,-0.0141
2023-02-02,1.2223,1.2378,1.2401,1.2221,-0.0124
2023-02-01,1.2376,1.2319,1.2395,1.2272,0.0045000000000000005
2023-01-31,1.232,1.2351,1.2372,1.2283,-0.0026
2023-01-30,1.2352,1.2399,1.2419,1.2336,-0.0036
2023-01-27,1.2397,1.2407,1.2421,1.2344,-0.0007000000000000001
2023-01-26,1.2406,1.2401,1.2432,1.2344,0.0005
2023-01-25,1.24,1.2334,1.2406,1.2282,0.0058
2023-01-24,1.2328,1.2378,1.2415,1.2262,-0.0036
2023-01-23,1.2373,1.2404,1.245,1.2322,-0.0016
2023-01-20,1.2393,1.2391,1.2406,1.2334,0.0003
2023-01-19,1.2389,1.2351,1.2399,1.2312,0.0034999999999999996
2023-01-18,1.2346,1.229,1.2437,1.2254,0.004699999999999999
2023-01-17,1.2288,1.2201,1.2301,1.2169,0.008
2023-01-16,1.2191,1.2216,1.2291,1.217,-0.0029
2023-01-13,1.2226,1.221,1.225,1.2149,0.0021
2023-01-12,1.22,1.2146,1.2249,1.2087,0.0048
2023-01-11,1.2142,1.2155,1.218,1.2099,-0.0011
2023-01-10,1.2155,1.219,1.2199,1.2109,-0.0023
2023-01-09,1.2183,1.2094,1.2212,1.2087,0.0075
2023-01-06,1.2092,1.1914,1.2101,1.184,0.015600000000000001
2023-01-05,1.1906,1.2053,1.2079,1.1873,-0.012199999999999999
2023-01-04,1.2053,1.1968,1.2089,1.1954,0.0073
2023-01-03,1.1966,1.2046,1.2086,1.1899,-0.0066
2023-01-02,1.2045,1.2098,1.21,1.2034,-0.0043
2022-12-30,1.2097,1.2064,1.2109,1.201,0.0037
2022-12-29,1.2052,1.2016,1.208,1.2013,0.0032
2022-12-28,1.2013,1.2027,1.2126,1.2001,-0.0007000000000000001
2022-12-27,1.2021,1.2063,1.2114,1.2001,-0.0032
2022-12-26,1.206,1.2044,1.2083,1.2044,0.0002
2022-12-23,1.2058,1.2044,1.2092,1.2018,0.0012
2022-12-22,1.2043,1.2078,1.2149,1.1992,-0.0033
2022-12-21,1.2083,1.2183,1.2194,1.2054,-0.008
2022-12-20,1.2181,1.2156,1.2224,1.2084,0.0029
2022-12-19,1.2146,1.215,1.2243,1.2119,0.0005
2022-12-16,1.214,1.2178,1.2225,1.2119,-0.003
2022-12-15,1.2176,1.2426,1.2433,1.2155,-0.0197
2022-12-14,1.2421,1.2359,1.2448,1.2341,0.0054
2022-12-13,1.2354,1.2274,1.2445,1.2247,0.0068000000000000005
2022-12-12,1.227,1.2249,1.23,1.221,0.0012
2022-12-09,1.2255,1.2234,1.2324,1.2206,0.0018
2022-12-08,1.2233,1.2202,1.2249,1.2154,0.0028000000000000004
2022-12-07,1.2199,1.2136,1.2236,1.2105,0.0051
2022-12-06,1.2137,1.2185,1.227,1.2126,-0.0042
2022-12-05,1.2188,1.2266,1.2346,1.2161,-0.008100000000000001
2022-12-02,1.2287,1.2254,1.2301,1.2134,0.0028000000000000004
2022-12-01,1.2253,1.2056,1.2312,1.2053,0.0163
2022-11-30,1.2056,1.1951,1.2089,1.1899,0.0086
2022-11-29,1.1953,1.1954,1.2066,1.1944,-0.0004
2022-11-28,1.1958,1.2078,1.2119,1.1939,-0.011200000000000002
2022-11-25,1.2093,1.2112,1.2129,1.2057,-0.0014000000000000002
2022-11-24,1.211,1.2054,1.2155,1.2047,0.0048
2022-11-23,1.2052,1.1885,1.2082,1.1871,0.014199999999999999
2022-11-22,1.1883,1.1825,1.1904,1.1817,0.0052
2022-11-21,1.1821,1.1889,1.1903,1.1777,-0.0053
2022-11-18,1.1884,1.1863,1.1952,1.1856,0.0019
2022-11-17,1.1862,1.1914,1.1959,1.1762,-0.0039000000000000003
2022-11-16,1.1908,1.1866,1.1944,1.1831,0.0042
2022-11-15,1.1858,1.1751,1.2027,1.1739,0.009000000000000001
2022-11-14,1.1752,1.1805,1.183,1.1709,-0.006999999999999999
2022-11-11,1.1835,1.1716,1.1856,1.1646,0.0104
2022-11-10,1.1713,1.1358,1.1733,1.1351,0.031400000000000004
2022-11-09,1.1356,1.1543,1.1568,1.1333,-0.015600000000000001
2022-11-08,1.1536,1.1513,1.1601,1.1429,0.0022
2022-11-07,1.1511,1.1304,1.1543,1.1289,0.012
2022-11-04,1.1375,1.1166,1.1383,1.1148,0.018799999999999997
2022-11-03,1.1165,1.1396,1.1423,1.115,-0.0197
2022-11-02,1.1389,1.1486,1.1566,1.1387,-0.008199999999999999
2022-11-01,1.1483,1.1471,1.1567,1.1436,0.0012
2022-10-31,1.1469,1.1609,1.1615,1.1458,-0.0121
2022-10-28,1.161,1.1563,1.1624,1.1503,0.004
2022-10-27,1.1564,1.1618,1.1647,1.1549,-0.0054
2022-10-26,1.1627,1.1476,1.164,1.143,0.013999999999999999
2022-10-25,1.1467,1.1281,1.1501,1.127,0.017
2022-10-24,1.1275,1.1358,1.141,1.1257,-0.0024
2022-10-21,1.1302,1.1243,1.1316,1.1059,0.0060999999999999995
2022-10-20,1.1233,1.1223,1.1337,1.1171,0.0017000000000000001
2022-10-19,1.1214,1.132,1.1359,1.1184,-0.0092
2022-10-18,1.1318,1.1355,1.1411,1.1255,-0.0031
2022-10-17,1.1353,1.1177,1.1441,1.1177,0.016399999999999998
2022-10-14,1.117,1.133,1.1366,1.1151,-0.013999999999999999
2022-10-13,1.1329,1.1106,1.1381,1.1056,0.0204
2022-10-12,1.1103,1.0968,1.1135,1.0924,0.0128
2022-10-11,1.0963,1.1058,1.1181,1.0952,-0.0083
2022-10-10,1.1055,1.1084,1.1113,1.1019,-0.0026
2022-10-07,1.1084,1.1163,1.1227,1.1054,-0.0066
2022-10-06,1.1158,1.1328,1.1385,1.1115,-0.0148
2022-10-05,1.1326,1.1476,1.1496,1.1226,-0.0128
2022-10-04,1.1473,1.1325,1.149,1.128,0.013300000000000001
2022-10-03,1.1322,1.1161,1.1336,1.1085,0.014499999999999999
2022-09-30,1.116,1.1115,1.1236,1.1023,0.004
2022-09-29,1.1115,1.0886,1.1121,1.0761,0.0208
2022-09-28,1.0888,1.0732,1.0917,1.0539,0.0146
2022-09-27,1.0731,1.069,1.084,1.0653,0.0044
2022-09-26,1.0684,1.0858,1.0932,1.0384,-0.0158
2022-09-23,1.0856,1.1256,1.1275,1.0838,-0.0356
2022-09-22,1.1257,1.1269,1.1367,1.1212,-0.0008
2022-09-21,1.1266,1.1376,1.1387,1.1237,-0.009899999999999999
2022-09-20,1.1379,1.1433,1.1462,1.1356,-0.0044
2022-09-19,1.1429,1.1417,1.1444,1.1354,0.0015
2022-09-16,1.1412,1.1467,1.1482,1.1349,-0.0044
2022-09-15,1.1463,1.1545,1.1551,1.1461,-0.0062
2022-09-14,1.1535,1.1493,1.1591,1.1479,0.0038
2022-09-13,1.1491,1.1692,1.174,1.1491,-0.0161
2022-09-12,1.1679,1.1597,1.1712,1.1595,0.0079
2022-09-09,1.1587,1.1504,1.1649,1.1496,0.0076
2022-09-08,1.15,1.1528,1.1563,1.146,-0.0022
2022-09-07,1.1525,1.1521,1.1541,1.1405,0.0008
2022-09-06,1.1516,1.1517,1.1611,1.1492,0.0003
2022-09-05,1.1513,1.1519,1.1524,1.1443,0.0005
2022-09-02,1.1507,1.1544,1.159,1.1495,-0.003
2022-09-01,1.1542,1.1623,1.1627,1.1499,-0.0069
2022-08-31,1.1622,1.1649,1.1695,1.1598,-0.0028000000000000004
2022-08-30,1.1655,1.171,1.1762,1.1621,-0.0044
2022-08-29,1.1707,1.1749,1.1754,1.1647,-0.0034000000000000002
2022-08-26,1.1747,1.1833,1.1902,1.1732,-0.0069
2022-08-25,1.1829,1.1802,1.1866,1.1783,0.0027
2022-08-24,1.1797,1.1841,1.1842,1.1755,-0.0029
2022-08-23,1.1831,1.1777,1.1879,1.1717,0.005600000000000001
2022-08-22,1.1765,1.1824,1.1839,1.1741,-0.0052
2022-08-19,1.1827,1.193,1.1942,1.1791,-0.0086
2022-08-18,1.193,1.2049,1.2081,1.1922,-0.0097
2022-08-17,1.2047,1.2095,1.2144,1.2027,-0.0038
2022-08-16,1.2093,1.2056,1.2119,1.2007,0.0032
2022-08-15,1.2054,1.2133,1.215,1.2049,-0.0063
2022-08-12,1.213,1.2209,1.2217,1.2099,-0.0067
2022-08-11,1.2212,1.2228,1.2251,1.2181,-0.0011
2022-08-10,1.2225,1.2077,1.2278,1.2064,0.012
2022-08-09,1.208,1.2081,1.2132,1.2062,0.0003
2022-08-08,1.2076,1.2073,1.2138,1.2046,0.0004
2022-08-05,1.2071,1.216,1.217,1.2003,-0.0070999999999999995
2022-08-04,1.2157,1.2144,1.2201,1.2065,0.0012
2022-08-03,1.2143,1.2178,1.2209,1.2099,-0.0024
2022-08-02,1.2172,1.2246,1.2281,1.2157,-0.0062
2022-08-01,1.2248,1.2165,1.2295,1.2155,0.0067
2022-07-29,1.2166,1.2173,1.2247,1.2062,-0.0002
2022-07-28,1.2169,1.2148,1.2193,1.2102,0.0015
2022-07-27,1.2151,1.203,1.2188,1.2019,0.0105
2022-07-26,1.2025,1.2043,1.2092,1.1963,-0.0014000000000000002
2022-07-25,1.2042,1.2004,1.2087,1.1959,0.0033
2022-07-22,1.2002,1.1995,1.2065,1.1916,0.0008
2022-07-21,1.1993,1.1967,1.2006,1.189,0.002
2022-07-20,1.1969,1.199,1.2039,1.1953,-0.0022
2022-07-19,1.1995,1.1954,1.2047,1.1924,0.0034000000000000002
2022-07-18,1.1954,1.1877,1.2035,1.1862,0.0086
2022-07-15,1.1852,1.1823,1.1876,1.1804,0.0025
2022-07-14,1.1822,1.1891,1.1896,1.1759,-0.005600000000000001
2022-07-13,1.1889,1.1887,1.1969,1.1827,0.0003
2022-07-12,1.1885,1.1886,1.1917,1.1806,-0.0003
2022-07-11,1.1889,1.2029,1.2041,1.1865,-0.0115
2022-07-08,1.2027,1.2025,1.2058,1.1918,0.0005
2022-07-07,1.2021,1.1924,1.2031,1.1908,0.0076
2022-07-06,1.193,1.1959,1.1991,1.1875,-0.0023
2022-07-05,1.1957,1.2108,1.2127,1.1898,-0.012199999999999999
2022-07-04,1.2105,1.2105,1.2167,1.2083,0.0009
2022-07-01,1.2094,1.2178,1.2183,1.1975,-0.0067
2022-06-30,1.2175,1.2127,1.219,1.2091,0.0040999999999999995
2022-06-29,1.2125,1.2183,1.2215,1.2105,-0.004699999999999999
2022-06-28,1.2182,1.2265,1.2293,1.2179,-0.0067
2022-06-27,1.2264,1.2264,1.2334,1.2237,0.0002
2022-06-24,1.2262,1.226,1.2321,1.2239,0.0002
2022-06-23,1.226,1.2269,1.2296,1.2169,-0.0005
2022-06-22,1.2266,1.2276,1.2316,1.2161,-0.0005
2022-06-21,1.2272,1.2257,1.2325,1.2241,0.0018
2022-06-20,1.225,1.2225,1.2282,1.2198,0.0021
2022-06-17,1.2224,1.2354,1.2371,1.2172,-0.0103
2022-06-16,1.2351,1.2185,1.2408,1.204,0.014199999999999999
2022-06-15,1.2178,1.1995,1.2206,1.1985,0.0154
2022-06-14,1.1993,1.213,1.2209,1.1934,-0.0116
2022-06-13,1.2134,1.2327,1.2328,1.2107,-0.0146
2022-06-10,1.2314,1.2496,1.2519,1.23,-0.0141
2022-06-09,1.249,1.2541,1.2559,1.2486,-0.0039000000000000003
2022-06-08,1.2539,1.2593,1.2599,1.2512,-0.0039000000000000003
2022-06-07,1.2588,1.2532,1.2601,1.243,0.0046
2022-06-06,1.253,1.2495,1.2579,1.2476,0.0036
2022-06-03,1.2485,1.258,1.2591,1.2483,-0.0072
2022-06-02,1.2576,1.2485,1.2588,1.2468,0.0075
2022-06-01,1.2482,1.2604,1.2618,1.2458,-0.009399999999999999
2022-05-31,1.26,1.2654,1.2657,1.2559,-0.004
2022-05-30,1.265,1.2617,1.2661,1.2613,0.0027
2022-05-27,1.2616,1.2599,1.2668,1.2585,0.0017000000000000001
2022-05-26,1.2594,1.2566,1.2622,1.2551,0.0024
2022-05-25,1.2564,1.2532,1.2592,1.248,0.0028000000000000004
2022-05-24,1.2529,1.2589,1.2599,1.2471,-0.004699999999999999
2022-05-23,1.2588,1.2479,1.2603,1.2476,0.008100000000000001
2022-05-20,1.2487,1.2464,1.2501,1.2437,0.0022
2022-05-19,1.246,1.2338,1.2526,1.2337,0.009899999999999999
2022-05-18,1.2338,1.2494,1.2502,1.2329,-0.012199999999999999
2022-05-17,1.249,1.2317,1.25,1.2316,0.013999999999999999
2022-05-16,1.2317,1.2236,1.2331,1.2216,0.0046
2022-05-13,1.2261,1.2201,1.2267,1.2155,0.0051
2022-05-12,1.2199,1.2261,1.2262,1.2165,-0.0042
2022-05-11,1.225,1.2325,1.2401,1.2236,-0.0058
2022-05-10,1.2322,1.2332,1.2377,1.2291,-0.0007000000000000001
2022-05-09,1.2331,1.2338,1.2407,1.226,-0.0005
2022-05-06,1.2337,1.2365,1.2382,1.2275,-0.0022
2022-05-05,1.2364,1.2623,1.2637,1.2324,-0.0204
2022-05-04,1.2621,1.2501,1.264,1.2451,0.0098
2022-05-03,1.2498,1.2494,1.2569,1.247,0.0006
2022-05-02,1.2491,1.2587,1.2599,1.2472,-0.0064
2022-04-29,1.2571,1.2458,1.2616,1.2449,0.0092
2022-04-28,1.2456,1.2555,1.2572,1.241,-0.0073
2022-04-27,1.2548,1.2575,1.2603,1.2502,-0.0019
2022-04-26,1.2572,1.2742,1.2774,1.257,-0.0132
2022-04-25,1.274,1.2862,1.2862,1.2696,-0.0076
2022-04-22,1.2837,1.3032,1.3037,1.2822,-0.0147
2022-04-21,1.3028,1.3068,1.3091,1.3022,-0.0029
2022-04-20,1.3066,1.2999,1.3072,1.2992,0.0054
2022-04-19,1.2996,1.3017,1.3042,1.2979,-0.0009
2022-04-18,1.3008,1.306,1.3066,1.3004,-0.0038
2022-04-15,1.3058,1.3066,1.3081,1.3047,-0.0005
2022-04-14,1.3065,1.3116,1.3149,1.3032,-0.0038
2022-04-13,1.3115,1.2998,1.3119,1.2972,0.0091
2022-04-12,1.2997,1.3032,1.3055,1.2994,-0.0025
2022-04-11,1.3029,1.3043,1.3058,1.2988,-0.0002
2022-04-08,1.3031,1.3077,1.3087,1.2981,-0.0032
2022-04-07,1.3073,1.3069,1.3108,1.3051,0.0004
2022-04-06,1.3068,1.3083,1.311,1.3044,0.0
2022-04-05,1.3068,1.3115,1.3169,1.3066,-0.0034000000000000002
2022-04-04,1.3113,1.3114,1.3139,1.3092,0.0001
2022-04-01,1.3112,1.3136,1.3154,1.3085,-0.0016
2022-03-31,1.3133,1.3133,1.3177,1.3106,0.0002
2022-03-30,1.3131,1.3093,1.3184,1.3083,0.0036
2022-03-29,1.3084,1.3085,1.3161,1.305,0.0
2022-03-28,1.3084,1.319,1.3191,1.3066,-0.0079
2022-03-25,1.3188,1.3195,1.3226,1.3159,0.0004
2022-03-24,1.3183,1.3205,1.3216,1.3156,-0.0015
2022-03-23,1.3203,1.3264,1.33,1.3174,-0.0045000000000000005
2022-03-22,1.3263,1.317,1.3274,1.3119,0.0074
2022-03-21,1.3165,1.3182,1.3211,1.3125,-0.0011
2022-03-18,1.318,1.3149,1.3199,1.311,0.0026
2022-03-17,1.3146,1.315,1.3214,1.3087,0.0001
2022-03-16,1.3145,1.3042,1.3165,1.3031,0.008199999999999999
2022-03-15,1.3038,1.3002,1.309,1.2999,0.0029
2022-03-14,1.3,1.3038,1.3081,1.3,-0.0028000000000000004
2022-03-11,1.3036,1.3087,1.3127,1.3026,-0.0036
2022-03-10,1.3083,1.3176,1.3196,1.308,-0.0073
2022-03-09,1.3179,1.3104,1.3192,1.3087,0.0058
2022-03-08,1.3103,1.3104,1.3146,1.3081,0.0001
2022-03-07,1.3102,1.3227,1.3252,1.3101,-0.009300000000000001
2022-03-04,1.3225,1.3346,1.3357,1.3201,-0.0091
2022-03-03,1.3346,1.3407,1.342,1.3316,-0.0043
2022-03-02,1.3403,1.3325,1.3409,1.327,0.0062
2022-03-01,1.3321,1.3421,1.3439,1.3301,-0.0073
2022-02-28,1.3419,1.3407,1.3434,1.3312,0.001
2022-02-25,1.3405,1.3378,1.3441,1.3365,0.0022
2022-02-24,1.3375,1.3544,1.3552,1.3272,-0.0123
2022-02-23,1.3542,1.3584,1.3622,1.3535,-0.0029
2022-02-22,1.3582,1.3604,1.3607,1.3537,-0.0012
2022-02-21,1.3598,1.3595,1.364,1.3585,0.0006
2022-02-18,1.359,1.3614,1.3645,1.3572,-0.0018
2022-02-17,1.3614,1.3587,1.364,1.3555,0.0023
2022-02-16,1.3583,1.3536,1.3603,1.3527,0.0037
2022-02-15,1.3533,1.3525,1.3569,1.3485,0.0005
2022-02-14,1.3526,1.3558,1.3574,1.3493,-0.0025
2022-02-11,1.356,1.3554,1.3611,1.3514,0.0004
2022-02-10,1.3555,1.3534,1.3645,1.3522,0.0017000000000000001
2022-02-09,1.3532,1.3542,1.3591,1.3526,-0.0007000000000000001
2022-02-08,1.3541,1.3538,1.3566,1.3506,0.0005
2022-02-07,1.3534,1.3531,1.3552,1.3489,0.0004
2022-02-04,1.3529,1.3598,1.3617,1.3504,-0.0049
2022-02-03,1.3595,1.3577,1.363,1.3537,0.0013
2022-02-02,1.3577,1.3516,1.3589,1.3515,0.0042
2022-02-01,1.352,1.3447,1.353,1.3433,0.005600000000000001
2022-01-31,1.3445,1.34,1.3462,1.3386,0.0031
2022-01-28,1.3404,1.3381,1.3434,1.3364,0.0014000000000000002
2022-01-27,1.3385,1.3466,1.347,1.3357,-0.005600000000000001
2022-01-26,1.3461,1.3493,1.3526,1.3444,-0.0026
2022-01-25,1.3496,1.3487,1.352,1.3435,0.0008
2022-01-24,1.3485,1.3556,1.3566,1.3439,-0.0051
2022-01-21,1.3554,1.36,1.3604,1.3545,-0.003
2022-01-20,1.3595,1.3612,1.3663,1.3586,-0.0008
2022-01-19,1.3606,1.3596,1.365,1.3587,0.0009
2022-01-18,1.3594,1.3647,1.3663,1.3572,-0.0037
2022-01-17,1.3645,1.3675,1.3691,1.3636,-0.002
2022-01-14,1.3673,1.3707,1.3744,1.3652,-0.0023
2022-01-13,1.3705,1.37,1.375,1.3699,0.0003
2022-01-12,1.3701,1.3635,1.3716,1.3621,0.0048
2022-01-11,1.3635,1.3576,1.3638,1.3561,0.0044
2022-01-10,1.3575,1.3588,1.3605,1.3532,-0.0007000000000000001
2022-01-07,1.3585,1.3531,1.3598,1.3527,0.0042
2022-01-06,1.3528,1.3556,1.3561,1.3489,-0.0019
2022-01-05,1.3554,1.3534,1.36,1.3522,0.0016
2022-01-04,1.3532,1.3474,1.3559,1.3458,0.0045000000000000005
2022-01-03,1.3471,1.3531,1.3543,1.343,-0.0043
2021-12-31,1.3529,1.3496,1.3551,1.3465,0.0026
2021-12-30,1.3494,1.3488,1.3523,1.3453,0.0006
2021-12-29,1.3486,1.3436,1.3501,1.3408,0.0039000000000000003
2021-12-28,1.3434,1.3443,1.3463,1.3415,-0.0002
2021-12-27,1.3437,1.3387,1.3446,1.3387,0.0039000000000000003
2021-12-24,1.3385,1.3409,1.3423,1.3384,-0.0014000000000000002
2021-12-23,1.3404,1.3354,1.3439,1.3342,0.0042
2021-12-22,1.3348,1.3262,1.3364,1.324,0.0063
2021-12-21,1.3265,1.3207,1.3272,1.3197,0.0044
2021-12-20,1.3207,1.3247,1.3247,1.3172,-0.0026
2021-12-17,1.3242,1.3323,1.3341,1.323,-0.0058
2021-12-16,1.3319,1.3259,1.3376,1.324,0.0042
2021-12-15,1.3263,1.3241,1.3284,1.3171,0.0019
2021-12-14,1.3238,1.3219,1.3258,1.319,0.0017000000000000001
2021-12-13,1.3216,1.3237,1.327,1.3207,-0.004
2021-12-10,1.3269,1.322,1.3277,1.3186,0.0038
2021-12-09,1.3219,1.3205,1.3224,1.3171,0.0008
2021-12-08,1.3209,1.3244,1.3263,1.3167,-0.0025
2021-12-07,1.3242,1.3265,1.3291,1.3209,-0.0017000000000000001
2021-12-06,1.3264,1.3245,1.3288,1.3218,0.0025
2021-12-03,1.3231,1.3308,1.3312,1.3209,-0.005600000000000001
2021-12-02,1.3306,1.328,1.3335,1.3271,0.0022
2021-12-01,1.3277,1.3299,1.3353,1.3262,-0.0014000000000000002
2021-11-30,1.3295,1.3314,1.3372,1.3195,-0.0012
2021-11-29,1.3311,1.3342,1.3365,1.3287,-0.0022
2021-11-26,1.334,1.332,1.3369,1.3278,0.0015
2021-11-25,1.332,1.3328,1.3354,1.3305,-0.0004
2021-11-24,1.3325,1.3378,1.339,1.3316,-0.0037
2021-11-23,1.3374,1.3395,1.3411,1.3342,-0.0016
2021-11-22,1.3396,1.3456,1.346,1.3384,-0.0042
2021-11-19,1.3452,1.3492,1.351,1.3407,-0.0027
2021-11-18,1.3488,1.3484,1.3515,1.3464,0.0006
2021-11-17,1.348,1.3431,1.3498,1.3396,0.0039000000000000003
2021-11-16,1.3427,1.3423,1.3474,1.3405,0.0007000000000000001
2021-11-15,1.3418,1.3423,1.3451,1.3403,0.0004
2021-11-12,1.3413,1.3373,1.3428,1.3353,0.0031
2021-11-11,1.3371,1.3405,1.3434,1.3358,-0.0022
2021-11-10,1.3401,1.3558,1.3566,1.3401,-0.0113
2021-11-09,1.3554,1.3563,1.3609,1.3524,-0.0005
2021-11-08,1.3561,1.3498,1.3581,1.3449,0.005
2021-11-05,1.3494,1.3494,1.351,1.3424,-0.0003
2021-11-04,1.3498,1.3686,1.3699,1.347,-0.013600000000000001
2021-11-03,1.3684,1.3612,1.3693,1.3607,0.0051
2021-11-02,1.3614,1.3666,1.3681,1.3605,-0.0042
2021-11-01,1.3672,1.3683,1.3695,1.3642,-0.0014000000000000002
2021-10-29,1.3691,1.3791,1.3805,1.3668,-0.006999999999999999
2021-10-28,1.3788,1.3749,1.3816,1.3722,0.0031
2021-10-27,1.3746,1.3769,1.3782,1.3708,-0.0015
2021-10-26,1.3766,1.3769,1.383,1.3756,-0.0001
2021-10-25,1.3768,1.3755,1.3793,1.3741,0.0012
2021-10-22,1.3751,1.3792,1.3816,1.3735,-0.0029
2021-10-21,1.3791,1.3824,1.3835,1.3775,-0.0024
2021-10-20,1.3824,1.3797,1.3836,1.3742,0.0021
2021-10-19,1.3795,1.3728,1.3835,1.3722,0.0051
2021-10-18,1.3725,1.3752,1.3767,1.3708,-0.0017000000000000001
2021-10-15,1.3749,1.3674,1.3775,1.3667,0.005600000000000001
2021-10-14,1.3673,1.3657,1.3735,1.3654,0.001
2021-10-13,1.3659,1.3588,1.3666,1.3575,0.0054
2021-10-12,1.3585,1.3599,1.3639,1.3569,-0.0007000000000000001
2021-10-11,1.3595,1.3613,1.3675,1.3584,-0.0012
2021-10-08,1.3611,1.3618,1.3657,1.3583,-0.0004
2021-10-07,1.3617,1.3578,1.364,1.357,0.0027
2021-10-06,1.358,1.3632,1.3637,1.3544,-0.0036
2021-10-05,1.3629,1.3615,1.3649,1.3584,0.0012
2021-10-04,1.3613,1.3548,1.3641,1.3532,0.005
2021-10-01,1.3545,1.3472,1.3577,1.3434,0.0054
2021-09-30,1.3472,1.3424,1.3519,1.3415,0.0037
2021-09-29,1.3422,1.3535,1.3556,1.3411,-0.0083
2021-09-28,1.3534,1.3699,1.3719,1.352,-0.0118
2021-09-27,1.3695,1.3681,1.3729,1.3657,0.001
2021-09-24,1.3682,1.3721,1.3737,1.3657,-0.0025
2021-09-23,1.3716,1.3628,1.3752,1.3611,0.0067
2021-09-22,1.3625,1.3658,1.3691,1.3609,-0.0025
2021-09-21,1.3659,1.3658,1.3693,1.3641,0.0001
2021-09-20,1.3657,1.3746,1.3754,1.364,-0.0062
2021-09-17,1.3742,1.3792,1.3813,1.3727,-0.0033
2021-09-16,1.3788,1.3837,1.3853,1.3764,-0.0034999999999999996
2021-09-15,1.3837,1.3811,1.3855,1.3792,0.0022
2021-09-14,1.3806,1.3834,1.3914,1.3803,-0.0022
2021-09-13,1.3836,1.3843,1.3852,1.3796,-0.0002
2021-09-10,1.3839,1.3838,1.3889,1.3826,0.0003
2021-09-09,1.3835,1.377,1.3864,1.3753,0.0049
2021-09-08,1.3768,1.3789,1.3792,1.3726,-0.001
2021-09-07,1.3782,1.3836,1.3857,1.3768,-0.0038
2021-09-06,1.3834,1.3863,1.3871,1.3819,-0.0022
2021-09-03,1.3865,1.3833,1.3893,1.3817,0.0026
2021-09-02,1.3829,1.3776,1.3841,1.3767,0.0044
2021-09-01,1.3768,1.3753,1.38,1.3731,0.001
2021-08-31,1.3754,1.3761,1.3808,1.3742,-0.0003
2021-08-30,1.3758,1.3758,1.3776,1.3733,0.0001
2021-08-27,1.3757,1.3698,1.3782,1.368,0.0042
2021-08-26,1.3699,1.3761,1.377,1.3689,-0.0044
2021-08-25,1.3759,1.3729,1.3768,1.3697,0.0023
2021-08-24,1.3727,1.3717,1.3748,1.3693,0.0007000000000000001
2021-08-23,1.3717,1.3633,1.3733,1.3613,0.006999999999999999
2021-08-20,1.3621,1.3643,1.3649,1.3602,-0.0012
2021-08-19,1.3638,1.3757,1.376,1.3632,-0.0085
2021-08-18,1.3755,1.3741,1.3787,1.3727,0.0012
2021-08-17,1.3739,1.385,1.3855,1.3726,-0.008
2021-08-16,1.385,1.3839,1.388,1.3828,-0.0009
2021-08-13,1.3863,1.3809,1.3876,1.379,0.0043
2021-08-12,1.3804,1.3874,1.388,1.3794,-0.0049
2021-08-11,1.3872,1.3845,1.3889,1.3803,0.0021
2021-08-10,1.3843,1.3846,1.3874,1.3827,-0.0001
2021-08-09,1.3844,1.388,1.3895,1.3841,-0.0019
2021-08-06,1.3871,1.393,1.3937,1.3861,-0.0040999999999999995
2021-08-05,1.3928,1.3889,1.395,1.3872,0.0031
2021-08-04,1.3885,1.3916,1.3958,1.3885,-0.0021
2021-08-03,1.3914,1.3883,1.3939,1.3878,0.0024
2021-08-02,1.3881,1.3901,1.3933,1.3875,-0.0014000000000000002
2021-07-30,1.3901,1.3962,1.3985,1.3888,-0.0043
2021-07-29,1.3961,1.39,1.3983,1.3895,0.0045000000000000005
2021-07-28,1.3898,1.3881,1.3912,1.3844,0.0017000000000000001
2021-07-27,1.3874,1.3818,1.3895,1.3766,0.0042
2021-07-26,1.3816,1.3754,1.3834,1.3737,0.0052
2021-07-23,1.3745,1.3767,1.3781,1.372,-0.0013
2021-07-22,1.3763,1.3714,1.3788,1.369,0.0039000000000000003
2021-07-21,1.371,1.3629,1.3724,1.359,0.0062
2021-07-20,1.3626,1.3678,1.369,1.3571,-0.0034000000000000002
2021-07-19,1.3672,1.3787,1.3787,1.3655,-0.0073
2021-07-16,1.3772,1.383,1.3863,1.376,-0.004
2021-07-15,1.3828,1.3858,1.3899,1.3805,-0.002
2021-07-14,1.3856,1.3814,1.3893,1.3801,0.0034999999999999996
2021-07-13,1.3808,1.3885,1.3907,1.38,-0.0052
2021-07-12,1.388,1.3903,1.3911,1.3838,-0.0014000000000000002
2021-07-09,1.3899,1.3789,1.391,1.3756,0.0083
2021-07-08,1.3785,1.3801,1.3808,1.3741,-0.0011
2021-07-07,1.38,1.3801,1.3843,1.3754,0.0001
2021-07-06,1.3799,1.3844,1.39,1.3773,-0.0033
2021-07-05,1.3845,1.3822,1.3863,1.3817,0.0017000000000000001
2021-07-02,1.3821,1.3769,1.3846,1.3732,0.0039000000000000003
2021-07-01,1.3767,1.3829,1.3836,1.3752,-0.0043
2021-06-30,1.3827,1.3839,1.3874,1.3798,-0.0006
2021-06-29,1.3835,1.3885,1.3889,1.3813,-0.0034999999999999996
2021-06-28,1.3883,1.3884,1.3941,1.387,0.0004
2021-06-25,1.3877,1.3923,1.3937,1.387,-0.0032
2021-06-24,1.3922,1.3963,1.3988,1.3889,-0.0027
2021-06-23,1.3959,1.3948,1.4003,1.3923,0.0009
2021-06-22,1.3947,1.3931,1.3965,1.386,0.0013
2021-06-21,1.3929,1.3811,1.3937,1.3786,0.0087
2021-06-18,1.3809,1.3921,1.3945,1.3792,-0.0079
2021-06-17,1.3919,1.3988,1.401,1.3895,-0.0049
2021-06-16,1.3987,1.4081,1.4133,1.3982,-0.0066
2021-06-15,1.408,1.4114,1.413,1.4034,-0.0023
2021-06-14,1.4112,1.4119,1.4125,1.407,0.0004
2021-06-11,1.4106,1.4177,1.4187,1.4095,-0.004699999999999999
2021-06-10,1.4173,1.412,1.4179,1.4073,0.0039000000000000003
2021-06-09,1.4118,1.4158,1.4191,1.411,-0.0026
2021-06-08,1.4155,1.4183,1.4187,1.412,-0.0016
2021-06-07,1.4178,1.4171,1.4191,1.4111,0.0017000000000000001
2021-06-04,1.4154,1.4105,1.4202,1.4083,0.0036
2021-06-03,1.4103,1.4171,1.4204,1.4087,-0.0046
2021-06-02,1.4168,1.4153,1.4185,1.4112,0.0016
2021-06-01,1.4146,1.4213,1.425,1.4147,-0.0044
2021-05-31,1.4209,1.418,1.4219,1.4164,0.0016
2021-05-28,1.4187,1.4207,1.4212,1.4135,-0.0013
2021-05-27,1.4205,1.4122,1.422,1.4091,0.0062
2021-05-26,1.4118,1.4153,1.4177,1.4112,-0.0023
2021-05-25,1.4151,1.4157,1.4212,1.4116,-0.0003
2021-05-24,1.4155,1.4159,1.4173,1.4111,0.0006
2021-05-21,1.4147,1.4191,1.4234,1.4139,-0.003
2021-05-20,1.4189,1.411,1.4194,1.4101,0.0054
2021-05-19,1.4113,1.419,1.4202,1.4099,-0.0052
2021-05-18,1.4187,1.4131,1.4221,1.4129,0.0037
2021-05-17,1.4134,1.409,1.4148,1.4076,0.0027
2021-05-14,1.4096,1.4052,1.4112,1.4036,0.0033
2021-05-13,1.405,1.4055,1.4079,1.4005,-0.0001
2021-05-12,1.4052,1.4141,1.4155,1.405,-0.0063
2021-05-11,1.4141,1.4118,1.4167,1.4104,0.0015
2021-05-10,1.412,1.398,1.416,1.3978,0.0106
2021-05-07,1.3972,1.3887,1.4007,1.3887,0.0063
2021-05-06,1.3885,1.3903,1.3942,1.3856,-0.0013
2021-05-05,1.3903,1.3887,1.3927,1.3874,0.0013
2021-05-04,1.3885,1.3911,1.3916,1.3838,-0.0017000000000000001
2021-05-03,1.3909,1.3827,1.3933,1.38,0.0069
2021-04-30,1.3814,1.3942,1.396,1.3802,-0.009000000000000001
2021-04-29,1.394,1.3939,1.3977,1.3931,0.0006
2021-04-28,1.3932,1.3916,1.3952,1.3861,0.0014000000000000002
2021-04-27,1.3912,1.3898,1.3925,1.3858,0.0012
2021-04-26,1.3896,1.3873,1.3931,1.3864,0.0016
2021-04-23,1.3874,1.3838,1.3897,1.3834,0.0027
2021-04-22,1.3836,1.3931,1.395,1.3824,-0.0067
2021-04-21,1.3929,1.3937,1.395,1.3886,-0.0005
2021-04-20,1.3936,1.3987,1.401,1.3926,-0.0034000000000000002
2021-04-19,1.3983,1.3827,1.3994,1.3809,0.0111
2021-04-16,1.383,1.3784,1.3844,1.3716,0.0032
2021-04-15,1.3786,1.3781,1.3809,1.3762,0.0006
2021-04-14,1.3778,1.3749,1.3809,1.3748,0.0022
2021-04-13,1.3748,1.374,1.377,1.3694,0.0006
2021-04-12,1.374,1.371,1.3777,1.3668,0.0023
2021-04-09,1.3708,1.3734,1.3752,1.367,-0.0018
2021-04-08,1.3733,1.3736,1.3783,1.3719,-0.0001
2021-04-07,1.3734,1.3825,1.3841,1.3724,-0.0064
2021-04-06,1.3823,1.3902,1.392,1.3802,-0.0053
2021-04-05,1.3897,1.3827,1.3914,1.3813,0.0049
2021-04-02,1.3829,1.3833,1.3854,1.3813,-0.0001
2021-04-01,1.383,1.3782,1.3838,1.3746,0.0037
2021-03-31,1.3779,1.374,1.3813,1.3716,0.0029
2021-03-30,1.3739,1.3763,1.3785,1.3706,-0.0015
2021-03-29,1.3759,1.3793,1.3848,1.3756,-0.002
2021-03-26,1.3787,1.3731,1.3813,1.3728,0.004
2021-03-25,1.3732,1.3688,1.3747,1.367,0.0036
2021-03-24,1.3683,1.3752,1.3762,1.3674,-0.0049
2021-03-23,1.375,1.3863,1.3869,1.374,-0.008199999999999999
2021-03-22,1.3863,1.3866,1.3878,1.3817,-0.0004
2021-03-19,1.3868,1.3924,1.396,1.383,-0.0037
2021-03-18,1.392,1.3968,1.4003,1.3897,-0.0031
2021-03-17,1.3963,1.389,1.3971,1.3851,0.0055000000000000005
2021-03-16,1.3887,1.3899,1.3908,1.3809,-0.0004
2021-03-15,1.3893,1.392,1.395,1.3851,-0.0021
2021-03-12,1.3922,1.399,1.4006,1.3863,-0.0049
2021-03-11,1.399,1.3934,1.3996,1.3917,0.0043
2021-03-10,1.393,1.3893,1.3939,1.3845,0.0027
2021-03-09,1.3893,1.3827,1.3927,1.3802,0.005
2021-03-08,1.3824,1.3837,1.3867,1.38,-0.0012
2021-03-05,1.3841,1.3896,1.3908,1.3779,-0.0038
2021-03-04,1.3894,1.3954,1.4017,1.388,-0.0042
2021-03-03,1.3953,1.3953,1.4008,1.392,0.0
2021-03-02,1.3953,1.3923,1.3977,1.3859,0.0022
2021-03-01,1.3922,1.3939,1.4,1.3904,-0.0007000000000000001
2021-02-26,1.3932,1.4015,1.4028,1.3888,-0.0058
2021-02-25,1.4013,1.4135,1.4183,1.4,-0.0089
2021-02-24,1.4139,1.411,1.4237,1.4082,0.0021
2021-02-23,1.411,1.4063,1.4118,1.4054,0.0034999999999999996
2021-02-22,1.4061,1.4015,1.4087,1.398,0.0034000000000000002
2021-02-19,1.4014,1.3975,1.4036,1.395,0.0031
2021-02-18,1.3971,1.3853,1.3987,1.3839,0.0085
2021-02-17,1.3853,1.3902,1.3912,1.3829,-0.0034999999999999996
2021-02-16,1.3901,1.3903,1.3952,1.3869,-0.0001
2021-02-15,1.3903,1.3846,1.392,1.3846,0.0043
2021-02-12,1.3844,1.3816,1.3864,1.3775,0.0021
2021-02-11,1.3815,1.3832,1.3861,1.3801,-0.0009
2021-02-10,1.3828,1.3816,1.3868,1.3802,0.001
2021-02-09,1.3814,1.3741,1.3821,1.3735,0.0055000000000000005
2021-02-08,1.3738,1.3729,1.375,1.368,0.0004
2021-02-05,1.3733,1.3672,1.3742,1.366,0.0046
2021-02-04,1.367,1.3646,1.3699,1.3567,0.0019
2021-02-03,1.3644,1.3667,1.3685,1.3619,-0.0015
2021-02-02,1.3665,1.3664,1.3712,1.3611,0.0003
2021-02-01,1.3661,1.3713,1.3759,1.3655,-0.003
2021-01-29,1.3702,1.3721,1.3752,1.3657,-0.0012
2021-01-28,1.3718,1.3688,1.3747,1.363,0.0023
2021-01-27,1.3686,1.3736,1.3761,1.3659,-0.0034000000000000002
2021-01-26,1.3733,1.3674,1.3746,1.3609,0.0043
2021-01-25,1.3674,1.368,1.3725,1.3649,-0.0007000000000000001
2021-01-22,1.3684,1.3733,1.3738,1.3635,-0.0034999999999999996
2021-01-21,1.3732,1.3655,1.3747,1.3651,0.0058
2021-01-20,1.3653,1.363,1.372,1.3623,0.0018
2021-01-19,1.3628,1.3588,1.3638,1.3572,0.0032
2021-01-18,1.3584,1.3594,1.36,1.352,-0.0001
2021-01-15,1.3586,1.3688,1.37,1.3571,-0.0074
2021-01-14,1.3687,1.364,1.371,1.3615,0.0037
2021-01-13,1.3637,1.3667,1.3702,1.3611,-0.0019
2021-01-12,1.3663,1.3521,1.3672,1.3504,0.011000000000000001
2021-01-11,1.3514,1.3567,1.3568,1.3451,-0.0036
2021-01-08,1.3563,1.3566,1.3636,1.3538,0.0
2021-01-07,1.3563,1.3608,1.3634,1.3532,-0.0032
2021-01-06,1.3607,1.3626,1.3672,1.3539,-0.0012
2021-01-05,1.3624,1.3572,1.3643,1.3554,0.0040999999999999995
2021-01-04,1.3569,1.3665,1.3705,1.3541,-0.0075
2021-01-01,1.3671,1.3672,1.3683,1.3672,-0.0001
2020-12-31,1.3673,1.3624,1.3687,1.3605,0.0037
2020-12-30,1.3622,1.3503,1.3627,1.3493,0.009000000000000001
2020-12-29,1.35,1.345,1.3524,1.3447,0.0038
2020-12-28,1.3449,1.3546,1.3577,1.3429,-0.0073
2020-12-25,1.3548,1.3558,1.3591,1.355,-0.0005
2020-12-24,1.3555,1.3495,1.3621,1.3489,0.004699999999999999
2020-12-23,1.3492,1.3363,1.3573,1.3352,0.009899999999999999
2020-12-22,1.336,1.3465,1.347,1.3304,-0.0077
2020-12-21,1.3463,1.3475,1.3498,1.3188,-0.0042
2020-12-18,1.352,1.3587,1.3592,1.3472,-0.0046
2020-12-17,1.3582,1.351,1.3626,1.3495,0.005600000000000001
2020-12-16,1.3507,1.346,1.3554,1.3434,0.0034000000000000002
2020-12-15,1.3461,1.3323,1.347,1.328,0.0104
2020-12-14,1.3322,1.3281,1.3447,1.3274,0.0075
2020-12-11,1.3223,1.3296,1.3326,1.3135,-0.0053
2020-12-10,1.3293,1.3403,1.3414,1.3245,-0.0077
2020-12-09,1.3396,1.3355,1.3479,1.335,0.0032
2020-12-08,1.3353,1.3379,1.3393,1.3289,-0.0017000000000000001
2020-12-07,1.3376,1.3449,1.3449,1.3224,-0.0045000000000000005
2020-12-04,1.3437,1.3447,1.3541,1.3411,-0.0011
2020-12-03,1.3452,1.3361,1.3501,1.3353,0.0067
2020-12-02,1.3363,1.3423,1.3442,1.3287,-0.0039000000000000003
2020-12-01,1.3415,1.3325,1.3442,1.3314,0.0070999999999999995
2020-11-30,1.3321,1.3314,1.3386,1.3304,0.0005
2020-11-27,1.3314,1.3357,1.3383,1.3288,-0.0031
2020-11-26,1.3355,1.3376,1.34,1.3322,-0.002
2020-11-25,1.3382,1.3362,1.3394,1.3304,0.0019
2020-11-24,1.3356,1.3325,1.3382,1.3293,0.0025
2020-11-23,1.3323,1.3274,1.3399,1.3264,0.0031
2020-11-20,1.3282,1.3262,1.3298,1.3245,0.0016
2020-11-19,1.3261,1.3275,1.3281,1.3196,-0.0006
2020-11-18,1.3269,1.3244,1.3313,1.3242,0.0021
2020-11-17,1.3241,1.3195,1.3274,1.3187,0.0038
2020-11-16,1.3191,1.3179,1.3244,1.3163,0.0004
2020-11-13,1.3186,1.3118,1.3203,1.3108,0.0055000000000000005
2020-11-12,1.3114,1.3222,1.323,1.3106,-0.008100000000000001
2020-11-11,1.3221,1.327,1.331,1.3189,-0.0038
2020-11-10,1.3271,1.3165,1.3279,1.3156,0.008199999999999999
2020-11-09,1.3163,1.3163,1.3209,1.3118,0.0005
2020-11-06,1.3156,1.3144,1.3179,1.3093,0.0011
2020-11-05,1.3142,1.299,1.3156,1.293,0.0121
2020-11-04,1.2985,1.306,1.3141,1.2914,-0.005600000000000001
2020-11-03,1.3058,1.2916,1.308,1.2903,0.0113
2020-11-02,1.2912,1.2946,1.2954,1.2854,-0.0022
2020-10-30,1.2941,1.2929,1.2989,1.2898,0.0012
2020-10-29,1.2926,1.2983,1.3027,1.2881,-0.0042
2020-10-28,1.2981,1.3046,1.3064,1.2917,-0.0048
2020-10-27,1.3043,1.3019,1.3081,1.3001,0.0015
2020-10-26,1.3023,1.3048,1.3076,1.2993,-0.0013
2020-10-23,1.304,1.3083,1.3125,1.3019,-0.0031
2020-10-22,1.3081,1.315,1.3156,1.307,-0.0048
2020-10-21,1.3144,1.2945,1.3178,1.2937,0.0155
2020-10-20,1.2944,1.2952,1.298,1.291,-0.0002
2020-10-19,1.2947,1.2915,1.3025,1.2889,0.0026
2020-10-16,1.2913,1.2916,1.2963,1.2863,-0.0001
2020-10-15,1.2914,1.301,1.3031,1.289,-0.0075
2020-10-14,1.3011,1.2938,1.3066,1.2862,0.006
2020-10-13,1.2934,1.3064,1.3074,1.2922,-0.01
2020-10-12,1.3064,1.3028,1.3084,1.3005,0.0014000000000000002
2020-10-09,1.3046,1.2935,1.3051,1.292,0.0087
2020-10-08,1.2933,1.2919,1.2971,1.2891,0.0012
2020-10-07,1.2918,1.2886,1.2931,1.2845,0.0032
2020-10-06,1.2877,1.2978,1.3008,1.2866,-0.0077
2020-10-05,1.2977,1.2934,1.2992,1.2899,0.0036
2020-10-02,1.2931,1.2893,1.2956,1.2837,0.0033
2020-10-01,1.2889,1.2919,1.298,1.2819,-0.0021
2020-09-30,1.2916,1.2864,1.2944,1.2805,0.0043
2020-09-29,1.2861,1.2836,1.2903,1.2822,0.0027
2020-09-28,1.2827,1.2748,1.2927,1.2744,0.0064
2020-09-25,1.2745,1.2754,1.2806,1.2687,-0.0003
2020-09-24,1.2749,1.2724,1.2782,1.2689,0.0021
2020-09-23,1.2722,1.2733,1.2778,1.2675,-0.0007000000000000001
2020-09-22,1.2731,1.2812,1.2868,1.2711,-0.006500000000000001
2020-09-21,1.2814,1.2923,1.2967,1.2775,-0.0078000000000000005
2020-09-18,1.2915,1.2973,1.3001,1.2915,-0.0044
2020-09-17,1.2972,1.2966,1.3,1.2864,0.0005
2020-09-16,1.2965,1.2889,1.3008,1.2875,0.0060999999999999995
2020-09-15,1.2886,1.2841,1.2927,1.2815,0.0033
2020-09-14,1.2844,1.2803,1.292,1.2776,0.004
2020-09-11,1.2793,1.28,1.2866,1.2763,-0.0008
2020-09-10,1.2803,1.3003,1.3036,1.2773,-0.0152
2020-09-09,1.3,1.2982,1.3024,1.2884,0.001
2020-09-08,1.2987,1.317,1.318,1.298,-0.013600000000000001
2020-09-07,1.3166,1.3274,1.3285,1.3141,-0.0087
2020-09-04,1.3282,1.3282,1.332,1.3176,0.0002
2020-09-03,1.328,1.3349,1.3358,1.3242,-0.0054
2020-09-02,1.3352,1.3383,1.3404,1.3283,-0.0022
2020-09-01,1.3381,1.3367,1.3484,1.3356,0.0009
2020-08-31,1.3369,1.3342,1.3396,1.3301,0.0015
2020-08-28,1.3349,1.3208,1.3358,1.3186,0.011399999999999999
2020-08-27,1.3198,1.3207,1.3285,1.3162,-0.0008
2020-08-26,1.3208,1.3152,1.322,1.3117,0.0044
2020-08-25,1.315,1.3068,1.3171,1.3054,0.0067
2020-08-24,1.3063,1.3086,1.315,1.3051,-0.0018
2020-08-21,1.3087,1.3216,1.3257,1.3059,-0.0095
2020-08-20,1.3212,1.3096,1.3226,1.3064,0.0087
2020-08-19,1.3098,1.3239,1.3268,1.3094,-0.0104
2020-08-18,1.3235,1.3099,1.3251,1.3095,0.0102
2020-08-17,1.3102,1.3087,1.3123,1.3074,0.0014000000000000002
2020-08-14,1.3084,1.306,1.3144,1.3047,0.0016
2020-08-13,1.3063,1.3035,1.3125,1.303,0.0024
2020-08-12,1.3032,1.3053,1.3068,1.3005,-0.0012
2020-08-11,1.3048,1.3078,1.3133,1.3042,-0.0017000000000000001
2020-08-10,1.307,1.3042,1.3104,1.3019,0.0015
2020-08-07,1.3051,1.3152,1.3155,1.3009,-0.0072
2020-08-06,1.3146,1.3114,1.3186,1.3111,0.0026
2020-08-05,1.3112,1.3073,1.3163,1.3057,0.004
2020-08-04,1.306,1.3075,1.3108,1.2981,-0.0009
2020-08-03,1.3072,1.3083,1.3113,1.3005,-0.0012
2020-07-31,1.3088,1.3098,1.3171,1.307,-0.0004
2020-07-30,1.3093,1.2998,1.3104,1.2944,0.0075
2020-07-29,1.2995,1.2932,1.3014,1.2912,0.005
2020-07-28,1.293,1.2883,1.2954,1.2838,0.0038
2020-07-27,1.2881,1.2786,1.2904,1.278,0.0072
2020-07-24,1.2789,1.2741,1.2805,1.2717,0.0039000000000000003
2020-07-23,1.2739,1.2734,1.2761,1.2673,0.0005
2020-07-22,1.2732,1.2733,1.2744,1.2643,0.0003
2020-07-21,1.2728,1.2658,1.2769,1.2649,0.0054
2020-07-20,1.266,1.2565,1.2666,1.2518,0.0076
2020-07-17,1.2565,1.2552,1.2575,1.2511,0.0013
2020-07-16,1.2549,1.2584,1.2626,1.2519,-0.0025
2020-07-15,1.258,1.2553,1.2651,1.2548,0.0026
2020-07-14,1.2548,1.2558,1.2568,1.2479,-0.0003
2020-07-13,1.2552,1.2612,1.2668,1.255,-0.0054
2020-07-10,1.262,1.2607,1.2665,1.2567,0.0013
2020-07-09,1.2604,1.2614,1.2671,1.2599,-0.0004
2020-07-08,1.2609,1.2542,1.2624,1.2508,0.0055000000000000005
2020-07-07,1.254,1.2492,1.2593,1.2462,0.0039000000000000003
2020-07-06,1.2491,1.2485,1.2521,1.246,0.0006
2020-07-03,1.2483,1.2465,1.2495,1.2438,0.0014000000000000002
2020-07-02,1.2466,1.2476,1.2531,1.2456,-0.0003
2020-07-01,1.247,1.2401,1.2492,1.2359,0.005699999999999999
2020-06-30,1.2399,1.2298,1.2403,1.2258,0.0084
2020-06-29,1.2296,1.234,1.2391,1.2251,-0.003
2020-06-26,1.2333,1.2421,1.2439,1.2314,-0.006500000000000001
2020-06-25,1.2414,1.2419,1.2466,1.2389,-0.0003
2020-06-24,1.2418,1.2521,1.2544,1.2414,-0.008
2020-06-23,1.2518,1.2467,1.2533,1.2431,0.0046
2020-06-22,1.2461,1.2356,1.2479,1.2335,0.0085
2020-06-19,1.2356,1.2422,1.2457,1.2343,-0.0055000000000000005
2020-06-18,1.2424,1.2556,1.2568,1.2401,-0.0104
2020-06-17,1.2554,1.2573,1.2589,1.2511,-0.0016
2020-06-16,1.2574,1.2605,1.2689,1.2553,-0.0022
2020-06-15,1.2602,1.2531,1.2607,1.2454,0.0049
2020-06-12,1.254,1.2601,1.2655,1.2474,-0.0048
2020-06-11,1.26,1.2746,1.2756,1.2586,-0.011399999999999999
2020-06-10,1.2745,1.2731,1.2814,1.2706,0.0013
2020-06-09,1.2729,1.2723,1.2757,1.2617,0.0006
2020-06-08,1.2722,1.2681,1.2737,1.2628,0.004699999999999999
2020-06-05,1.2663,1.2607,1.2732,1.2582,0.0055000000000000005
2020-06-04,1.2594,1.2576,1.2634,1.25,0.0017000000000000001
2020-06-03,1.2572,1.255,1.2617,1.2544,0.0018
2020-06-02,1.2549,1.2501,1.2577,1.2478,0.0046
2020-06-01,1.2492,1.2339,1.2508,1.2323,0.012
2020-05-29,1.2344,1.232,1.2395,1.2291,0.0023
2020-05-28,1.2316,1.2261,1.2346,1.2234,0.0054
2020-05-27,1.225,1.2332,1.2355,1.2205,-0.0066
2020-05-26,1.2331,1.219,1.2364,1.2179,0.012199999999999999
2020-05-25,1.2182,1.2179,1.2205,1.2163,0.0015
2020-05-22,1.2164,1.2226,1.2242,1.2161,-0.004699999999999999
2020-05-21,1.2222,1.224,1.2251,1.2185,-0.0014000000000000002
2020-05-20,1.2239,1.2241,1.2289,1.2222,-0.001
2020-05-19,1.2251,1.2195,1.2297,1.2184,0.0051
2020-05-18,1.2189,1.2086,1.2229,1.2075,0.006999999999999999
2020-05-15,1.2104,1.2222,1.2239,1.2101,-0.01
2020-05-14,1.2226,1.2231,1.2243,1.2165,-0.0002
2020-05-13,1.2229,1.226,1.2341,1.221,-0.0024
2020-05-12,1.2259,1.2334,1.2377,1.2255,-0.0062
2020-05-11,1.2335,1.2406,1.2439,1.2283,-0.0058
2020-05-08,1.2407,1.2363,1.2469,1.235,0.0037
2020-05-07,1.2361,1.2347,1.2418,1.2266,0.0016
2020-05-06,1.2341,1.2435,1.2451,1.2335,-0.0075
2020-05-05,1.2434,1.2443,1.2485,1.242,-0.0006
2020-05-04,1.2442,1.2499,1.2504,1.2405,-0.0048
2020-05-01,1.2502,1.2599,1.2603,1.2483,-0.0070999999999999995
2020-04-30,1.2592,1.2468,1.2643,1.2429,0.0103
2020-04-29,1.2464,1.2425,1.2487,1.2389,0.0034999999999999996
2020-04-28,1.2421,1.2432,1.2519,1.2403,-0.0006
2020-04-27,1.2428,1.2369,1.2456,1.2359,0.0049
2020-04-24,1.2367,1.2344,1.2378,1.2298,0.002
2020-04-23,1.2342,1.2334,1.2416,1.2308,0.0008
2020-04-22,1.2332,1.2295,1.2387,1.2274,0.0032
2020-04-21,1.2293,1.2437,1.2451,1.2247,-0.011399999999999999
2020-04-20,1.2435,1.2487,1.2505,1.2416,-0.0051
2020-04-17,1.2499,1.2457,1.2523,1.2407,0.0034999999999999996
2020-04-16,1.2455,1.2514,1.2531,1.2407,-0.004699999999999999
2020-04-15,1.2514,1.2616,1.2632,1.2437,-0.0086
2020-04-14,1.2623,1.2514,1.2647,1.2504,0.009300000000000001
2020-04-13,1.2507,1.2464,1.2537,1.2451,0.0044
2020-04-10,1.2452,1.2458,1.2489,1.2443,-0.0002
2020-04-09,1.2455,1.2384,1.2485,1.2361,0.005699999999999999
2020-04-08,1.2385,1.2331,1.2421,1.2288,0.0039000000000000003
2020-04-07,1.2337,1.2232,1.2386,1.2164,0.0088
2020-04-06,1.2229,1.2264,1.2328,1.2209,-0.0025
2020-04-03,1.226,1.2396,1.2412,1.2206,-0.010700000000000001
2020-04-02,1.2392,1.2376,1.2476,1.235,0.0013
2020-04-01,1.2376,1.2429,1.2443,1.233,-0.0034000000000000002
2020-03-31,1.2418,1.2414,1.2474,1.2251,0.0002
2020-03-30,1.2416,1.2435,1.2469,1.2317,-0.0032
2020-03-27,1.2456,1.2204,1.2487,1.2131,0.0209
2020-03-26,1.2201,1.1875,1.2232,1.1775,0.026600000000000002
2020-03-25,1.1885,1.176,1.1976,1.1639,0.0109
2020-03-24,1.1757,1.1549,1.1801,1.1508,0.0181
2020-03-23,1.1548,1.166,1.1741,1.1447,-0.008
2020-03-20,1.1641,1.1487,1.1934,1.1409,0.013600000000000001
2020-03-19,1.1485,1.1619,1.1794,1.1473,-0.011000000000000001
2020-03-18,1.1613,1.2052,1.2131,1.1461,-0.0363
2020-03-17,1.205,1.227,1.2275,1.2002,-0.0176
2020-03-16,1.2266,1.2285,1.2431,1.2201,-0.0008
2020-03-13,1.2276,1.2574,1.2626,1.2268,-0.0235
2020-03-12,1.2571,1.2818,1.2851,1.249,-0.0194
2020-03-11,1.282,1.2904,1.2978,1.2804,-0.0067
2020-03-10,1.2906,1.313,1.3133,1.2881,-0.0171
2020-03-09,1.3131,1.3047,1.3201,1.3031,0.0064
2020-03-06,1.3047,1.2954,1.3058,1.2943,0.0072
2020-03-05,1.2954,1.2872,1.2969,1.286,0.006500000000000001
2020-03-04,1.287,1.2812,1.2874,1.2769,0.004699999999999999
2020-03-03,1.281,1.2752,1.2845,1.2738,0.004699999999999999
2020-03-02,1.275,1.28,1.2852,1.2739,-0.0055000000000000005
2020-02-28,1.282,1.2885,1.2921,1.2725,-0.005
2020-02-27,1.2884,1.2907,1.2948,1.286,-0.0015
2020-02-26,1.2903,1.3005,1.3013,1.2896,-0.0078000000000000005
2020-02-25,1.3004,1.2923,1.3019,1.2914,0.006
2020-02-24,1.2927,1.2961,1.2973,1.2886,-0.0032
2020-02-21,1.2969,1.2884,1.2982,1.2877,0.006999999999999999
2020-02-20,1.2879,1.2922,1.293,1.2848,-0.0031
2020-02-19,1.2919,1.2998,1.3024,1.2907,-0.0060999999999999995
2020-02-18,1.2998,1.3007,1.3049,1.2971,-0.0006
2020-02-17,1.3006,1.3036,1.3055,1.2998,-0.0031
2020-02-14,1.3046,1.3051,1.3064,1.3001,0.0001
2020-02-13,1.3045,1.2961,1.307,1.2944,0.0066
2020-02-12,1.296,1.2952,1.2993,1.2948,0.0007000000000000001
2020-02-11,1.2951,1.2915,1.2969,1.2895,0.0029
2020-02-10,1.2913,1.2898,1.2947,1.2872,0.0017000000000000001
2020-02-07,1.2891,1.293,1.296,1.2881,-0.0029
2020-02-06,1.2928,1.2999,1.3005,1.2921,-0.0055000000000000005
2020-02-05,1.3,1.3034,1.3071,1.2956,-0.0022
2020-02-04,1.3029,1.2996,1.3047,1.2941,0.0028000000000000004
2020-02-03,1.2993,1.3217,1.3217,1.2982,-0.015600000000000001
2020-01-31,1.3199,1.31,1.321,1.3083,0.008
2020-01-30,1.3094,1.302,1.3112,1.2978,0.005699999999999999
2020-01-29,1.302,1.3028,1.3032,1.2989,-0.0005
2020-01-28,1.3027,1.3056,1.3066,1.2975,-0.002
2020-01-27,1.3053,1.3075,1.3105,1.304,-0.0018
2020-01-24,1.3076,1.3122,1.3174,1.3057,-0.0034000000000000002
2020-01-23,1.3121,1.3142,1.3152,1.3097,-0.0014000000000000002
2020-01-22,1.314,1.3051,1.3154,1.3034,0.0070999999999999995
2020-01-21,1.3047,1.3013,1.3085,1.2995,0.0029
2020-01-20,1.3009,1.3002,1.3014,1.2962,0.0001
2020-01-17,1.3008,1.308,1.3119,1.3005,-0.0052
2020-01-16,1.3076,1.3039,1.3084,1.3024,0.0031
2020-01-15,1.3036,1.3018,1.3043,1.2986,0.0015
2020-01-14,1.3017,1.2988,1.3035,1.2953,0.0022
2020-01-13,1.2988,1.3055,1.3064,1.2961,-0.0054
2020-01-10,1.3059,1.3067,1.3097,1.3042,-0.0005
2020-01-09,1.3065,1.3101,1.3125,1.3013,-0.0024
2020-01-08,1.3097,1.3125,1.3171,1.308,-0.002
2020-01-07,1.3123,1.3169,1.3214,1.3095,-0.0033
2020-01-06,1.3167,1.3075,1.3176,1.3064,0.0062
2020-01-03,1.3086,1.3138,1.3162,1.3054,-0.0044
2020-01-02,1.3144,1.3255,1.3268,1.3115,-0.0083
2020-01-01,1.3254,1.3261,1.3276,1.3237,-0.0004
2019-12-31,1.3259,1.3117,1.3285,1.3106,0.0111
2019-12-30,1.3113,1.3066,1.3152,1.3066,0.0028000000000000004
2019-12-27,1.3076,1.2992,1.3119,1.2967,0.006500000000000001
2019-12-26,1.2992,1.2961,1.3017,1.2952,0.0025
2019-12-25,1.296,1.2942,1.299,1.2921,0.0012
2019-12-24,1.2944,1.2936,1.2971,1.2912,0.0009
2019-12-23,1.2933,1.2994,1.3034,1.2904,-0.0053
2019-12-20,1.3002,1.3009,1.3081,1.2978,-0.0004
2019-12-19,1.3007,1.3079,1.3133,1.299,-0.0053
2019-12-18,1.3076,1.3129,1.3136,1.3059,-0.004
2019-12-17,1.3128,1.333,1.334,1.3099,-0.0151
2019-12-16,1.3329,1.3336,1.3423,1.3321,0.0003
2019-12-13,1.3325,1.3167,1.3517,1.316,0.0124
2019-12-12,1.3162,1.3203,1.323,1.3051,-0.0023
2019-12-11,1.3193,1.3157,1.3215,1.3106,0.003
2019-12-10,1.3154,1.3151,1.3217,1.3131,0.0008
2019-12-09,1.3143,1.3139,1.3182,1.3117,0.0006
2019-12-06,1.3135,1.3157,1.3167,1.31,-0.0015
2019-12-05,1.3155,1.3104,1.3167,1.3102,0.004
2019-12-04,1.3103,1.2993,1.3122,1.2982,0.0085
2019-12-03,1.2992,1.294,1.3013,1.2929,0.0043
2019-12-02,1.2936,1.2918,1.295,1.2896,0.0002
2019-11-29,1.2933,1.2912,1.2948,1.2879,0.0017000000000000001
2019-11-28,1.2911,1.2921,1.2952,1.2899,-0.0008
2019-11-27,1.2921,1.2866,1.2924,1.2826,0.0044
2019-11-26,1.2865,1.2899,1.291,1.2836,-0.0026
2019-11-25,1.2898,1.2851,1.2913,1.2841,0.0053
2019-11-22,1.283,1.2915,1.2929,1.2824,-0.0064
2019-11-21,1.2913,1.2923,1.2972,1.2893,-0.0007000000000000001
2019-11-20,1.2922,1.2924,1.2934,1.2887,0.0
2019-11-19,1.2922,1.2954,1.2971,1.291,-0.0023
2019-11-18,1.2952,1.2906,1.2986,1.29,0.0040999999999999995
2019-11-15,1.2899,1.2881,1.2921,1.2866,0.0014000000000000002
2019-11-14,1.2881,1.2851,1.2889,1.2824,0.0025
2019-11-13,1.2849,1.2848,1.2865,1.2822,0.0004
2019-11-12,1.2844,1.2855,1.2875,1.2815,-0.0005
2019-11-11,1.2851,1.2777,1.2899,1.2777,0.0063
2019-11-08,1.277,1.2813,1.2826,1.2769,-0.0034000000000000002
2019-11-07,1.2813,1.2853,1.2879,1.2794,-0.0029
2019-11-06,1.285,1.2885,1.2899,1.2843,-0.0025
2019-11-05,1.2882,1.2884,1.2918,1.2859,0.0
2019-11-04,1.2882,1.2944,1.2948,1.2876,-0.004
2019-11-01,1.2934,1.294,1.2974,1.2926,-0.0005
2019-10-31,1.294,1.2904,1.2977,1.2894,0.003
2019-10-30,1.2901,1.2869,1.2908,1.2845,0.0028000000000000004
2019-10-29,1.2865,1.2864,1.2906,1.2806,0.0002
2019-10-28,1.2862,1.2825,1.2878,1.2811,0.0032
2019-10-25,1.2821,1.2852,1.2864,1.2803,-0.0023
2019-10-24,1.285,1.2912,1.2952,1.2788,-0.0051
2019-10-23,1.2916,1.2872,1.2923,1.2841,0.0034000000000000002
2019-10-22,1.2872,1.2959,1.3001,1.2862,-0.0066
2019-10-21,1.2958,1.2925,1.3014,1.2875,-0.001
2019-10-18,1.2971,1.289,1.2986,1.2839,0.0064
2019-10-17,1.2888,1.2832,1.299,1.275,0.0045000000000000005
2019-10-16,1.283,1.2787,1.2877,1.2656,0.0034000000000000002
2019-10-15,1.2786,1.2609,1.28,1.2602,0.0143
2019-10-14,1.2606,1.2626,1.2654,1.2516,-0.0032
2019-10-11,1.2647,1.2441,1.2708,1.2407,0.0166
2019-10-10,1.244,1.2206,1.247,1.2205,0.019299999999999998
2019-10-09,1.2204,1.2218,1.2292,1.2198,-0.0011
2019-10-08,1.2217,1.2292,1.2304,1.2195,-0.0059
2019-10-07,1.229,1.2326,1.2338,1.2287,-0.0034000000000000002
2019-10-04,1.2332,1.2333,1.2358,1.2276,0.0003
2019-10-03,1.2328,1.2306,1.2415,1.2266,0.0023
2019-10-02,1.23,1.2307,1.2325,1.2227,-0.0001
2019-10-01,1.2301,1.2287,1.2342,1.2207,0.0011
2019-09-30,1.2287,1.2289,1.2348,1.2275,-0.0001
2019-09-27,1.2288,1.2322,1.2338,1.2271,-0.0028000000000000004
2019-09-26,1.2322,1.2357,1.2382,1.2302,-0.0022
2019-09-25,1.2349,1.2484,1.25,1.2347,-0.0111
2019-09-24,1.2488,1.2429,1.2504,1.2414,0.004699999999999999
2019-09-23,1.2429,1.2469,1.2492,1.2413,-0.0038
2019-09-20,1.2477,1.2524,1.2583,1.246,-0.0038
2019-09-19,1.2524,1.2473,1.2561,1.2438,0.0045000000000000005
2019-09-18,1.2468,1.2502,1.2514,1.2439,-0.0026
2019-09-17,1.25,1.2437,1.2528,1.2392,0.0058
2019-09-16,1.2428,1.2502,1.2511,1.2399,-0.0058
2019-09-13,1.25,1.2335,1.2508,1.2327,0.013600000000000001
2019-09-12,1.2332,1.2325,1.2368,1.2283,0.0005
2019-09-11,1.2326,1.2349,1.2372,1.2312,-0.0016
2019-09-10,1.2346,1.2347,1.2377,1.2306,0.0001
2019-09-09,1.2345,1.2274,1.2385,1.2233,0.0052
2019-09-06,1.2281,1.2331,1.2345,1.2279,-0.0039000000000000003
2019-09-05,1.2329,1.2253,1.2355,1.221,0.0064
2019-09-04,1.225,1.2078,1.2259,1.2077,0.0137
2019-09-03,1.2084,1.2067,1.2107,1.1958,0.0015
2019-09-02,1.2066,1.215,1.2176,1.2035,-0.0074
2019-08-30,1.2156,1.218,1.2226,1.2138,-0.0026
2019-08-29,1.2188,1.2211,1.2234,1.2172,-0.0017000000000000001
2019-08-28,1.2209,1.229,1.2293,1.2157,-0.0063
2019-08-27,1.2287,1.2219,1.231,1.2209,0.0059
2019-08-26,1.2215,1.2264,1.2287,1.2208,-0.0051
2019-08-23,1.2277,1.2251,1.2295,1.2194,0.0022
2019-08-22,1.225,1.2129,1.2274,1.2108,0.0102
2019-08-21,1.2126,1.217,1.2177,1.2112,-0.0034999999999999996
2019-08-20,1.2168,1.2127,1.2182,1.2064,0.0034999999999999996
2019-08-19,1.2125,1.2148,1.2174,1.2104,-0.002
2019-08-16,1.2149,1.2086,1.2176,1.2076,0.0054
2019-08-15,1.2084,1.2062,1.2152,1.205,0.0021
2019-08-14,1.2059,1.2058,1.2102,1.2045,0.0001
2019-08-13,1.2058,1.2075,1.2098,1.2041,-0.0012
2019-08-12,1.2073,1.2048,1.2107,1.2014,0.0032
2019-08-09,1.2034,1.2126,1.2155,1.2024,-0.008
2019-08-08,1.2131,1.2142,1.2184,1.2095,-0.0007000000000000001
2019-08-07,1.214,1.217,1.2192,1.2121,-0.0021
2019-08-06,1.2166,1.2144,1.2211,1.2133,0.0021
2019-08-05,1.2141,1.2144,1.219,1.2101,-0.0011
2019-08-02,1.2154,1.2136,1.2171,1.209,0.0019
2019-08-01,1.2131,1.2155,1.2172,1.2079,-0.0021
2019-07-31,1.2157,1.2154,1.2251,1.2135,0.0007000000000000001
2019-07-30,1.2149,1.222,1.2229,1.2119,-0.005600000000000001
2019-07-29,1.2217,1.2386,1.2389,1.2212,-0.0132
2019-07-26,1.238,1.2464,1.2464,1.2376,-0.0059
2019-07-25,1.2454,1.2483,1.2519,1.2436,-0.0022
2019-07-24,1.2481,1.2438,1.2523,1.2426,0.0036
2019-07-23,1.2436,1.2473,1.2483,1.2418,-0.003
2019-07-22,1.2474,1.2508,1.2523,1.2455,-0.0021
2019-07-19,1.25,1.2551,1.2557,1.2477,-0.0037
2019-07-18,1.2546,1.2433,1.2559,1.2426,0.009300000000000001
2019-07-17,1.2431,1.2407,1.2458,1.2382,0.0023
2019-07-16,1.2403,1.2515,1.2522,1.2396,-0.0089
2019-07-15,1.2514,1.2574,1.2581,1.2509,-0.004699999999999999
2019-07-12,1.2573,1.252,1.258,1.2517,0.0043
2019-07-11,1.2519,1.2499,1.2573,1.2498,0.0016
2019-07-10,1.2499,1.2468,1.2522,1.2443,0.0027
2019-07-09,1.2465,1.2514,1.2525,1.2439,-0.0036
2019-07-08,1.251,1.2517,1.254,1.2499,-0.001
2019-07-05,1.2523,1.2581,1.2588,1.2481,-0.0042
2019-07-04,1.2576,1.2573,1.2593,1.2567,0.0004
2019-07-03,1.2571,1.2592,1.2603,1.2557,-0.0016
2019-07-02,1.2591,1.2641,1.2654,1.2583,-0.0037
2019-07-01,1.2638,1.2695,1.2708,1.2631,-0.0043
2019-06-28,1.2693,1.2677,1.2736,1.2662,0.0014000000000000002
2019-06-27,1.2675,1.2687,1.2725,1.2661,-0.001
2019-06-26,1.2688,1.27,1.2708,1.2662,-0.0007000000000000001
2019-06-25,1.2697,1.2742,1.2784,1.2671,-0.0033
2019-06-24,1.2739,1.2722,1.2767,1.2708,-0.0001
2019-06-21,1.274,1.27,1.275,1.2642,0.0032
2019-06-20,1.2699,1.2641,1.2729,1.2632,0.004699999999999999
2019-06-19,1.2639,1.2558,1.2675,1.2542,0.0066
2019-06-18,1.2556,1.2534,1.2566,1.2506,0.0019
2019-06-17,1.2532,1.26,1.2607,1.2532,-0.0046
2019-06-14,1.259,1.2676,1.2684,1.258,-0.006500000000000001
2019-06-13,1.2672,1.269,1.2709,1.2662,-0.0011
2019-06-12,1.2686,1.2724,1.276,1.2681,-0.0028000000000000004
2019-06-11,1.2722,1.2685,1.2734,1.2669,0.0031
2019-06-10,1.2683,1.2731,1.2748,1.2653,-0.004
2019-06-07,1.2734,1.2702,1.2764,1.2687,0.0028000000000000004
2019-06-06,1.2699,1.2684,1.2743,1.2668,0.0012
2019-06-05,1.2684,1.2697,1.2744,1.2679,-0.0009
2019-06-04,1.2696,1.2664,1.2716,1.2641,0.0026
2019-06-03,1.2663,1.2627,1.2676,1.2609,0.0025
2019-05-31,1.2631,1.2609,1.2645,1.2559,0.002
2019-05-30,1.2606,1.2626,1.2641,1.258,-0.0015
2019-05-29,1.2625,1.2654,1.2673,1.2611,-0.0021
2019-05-28,1.2652,1.2679,1.2702,1.265,-0.002
2019-05-27,1.2677,1.2727,1.2756,1.2666,-0.0028000000000000004
2019-05-24,1.2712,1.2657,1.2734,1.2647,0.0046
2019-05-23,1.2654,1.2662,1.2685,1.2605,-0.0006
2019-05-22,1.2661,1.2706,1.2721,1.2624,-0.0034999999999999996
2019-05-21,1.2705,1.273,1.2815,1.2685,-0.0017000000000000001
2019-05-20,1.2726,1.2721,1.2759,1.2714,0.0006
2019-05-17,1.2718,1.2797,1.2809,1.2713,-0.006
2019-05-16,1.2795,1.2843,1.2864,1.2787,-0.0040999999999999995
2019-05-15,1.2848,1.2908,1.2924,1.2826,-0.0043
2019-05-14,1.2904,1.2958,1.2973,1.2902,-0.0039000000000000003
2019-05-13,1.2955,1.2999,1.3042,1.2941,-0.0034000000000000002
2019-05-10,1.2999,1.3008,1.3049,1.299,-0.0011
2019-05-09,1.3013,1.3007,1.3037,1.2967,0.0005
2019-05-08,1.3006,1.3078,1.3082,1.2986,-0.0052
2019-05-07,1.3074,1.3097,1.3133,1.3039,-0.0016
2019-05-06,1.3095,1.3114,1.3171,1.3081,-0.0058
2019-05-03,1.3171,1.3034,1.3179,1.2989,0.0105
2019-05-02,1.3034,1.305,1.3082,1.3018,-0.0011
2019-05-01,1.3049,1.3033,1.3103,1.3029,0.0014000000000000002
2019-04-30,1.3031,1.294,1.305,1.2925,0.0073
2019-04-29,1.2936,1.2926,1.2948,1.2904,0.0015
2019-04-26,1.2917,1.2899,1.2944,1.2876,0.0016
2019-04-25,1.2897,1.2902,1.2919,1.2865,-0.0002
2019-04-24,1.29,1.2939,1.2965,1.2888,-0.0029
2019-04-23,1.2937,1.2981,1.3021,1.2927,-0.0034999999999999996
2019-04-22,1.2982,1.2995,1.3002,1.2975,-0.0005
2019-04-19,1.2988,1.2999,1.3015,1.2982,-0.0006
2019-04-18,1.2996,1.3042,1.3055,1.2979,-0.0036
2019-04-17,1.3043,1.3049,1.307,1.3028,-0.0004
2019-04-16,1.3048,1.3102,1.3113,1.3042,-0.0037
2019-04-15,1.3097,1.3076,1.3121,1.3065,0.0012
2019-04-12,1.3081,1.3062,1.3133,1.3049,0.0021
2019-04-11,1.3054,1.3093,1.311,1.305,-0.0027
2019-04-10,1.3089,1.3058,1.3122,1.3043,0.0022
2019-04-09,1.306,1.3065,1.3123,1.303,-0.0002
2019-04-08,1.3062,1.3036,1.3076,1.3021,0.002
2019-04-05,1.3036,1.3079,1.3124,1.2986,-0.0031
2019-04-04,1.3077,1.3161,1.3192,1.306,-0.0062
2019-04-03,1.3159,1.3127,1.3198,1.3121,0.0024
2019-04-02,1.3127,1.3102,1.315,1.3013,0.0021
2019-04-01,1.3099,1.3038,1.315,1.3009,0.0052
2019-03-29,1.3031,1.3045,1.3137,1.2978,-0.0009
2019-03-28,1.3043,1.3189,1.3217,1.3034,-0.0111
2019-03-27,1.3189,1.3208,1.327,1.3165,-0.0014000000000000002
2019-03-26,1.3207,1.3194,1.3263,1.3158,0.0004
2019-03-25,1.3202,1.3207,1.3247,1.316,-0.0005
2019-03-22,1.3209,1.3108,1.3224,1.3081,0.0078000000000000005
2019-03-21,1.3107,1.3196,1.323,1.3005,-0.0067
2019-03-20,1.3196,1.3269,1.3283,1.3145,-0.0054
2019-03-19,1.3267,1.3257,1.3312,1.324,0.0009
2019-03-18,1.3255,1.3287,1.3302,1.3184,-0.0026
2019-03-15,1.3289,1.324,1.3302,1.3202,0.0038
2019-03-14,1.3239,1.3341,1.3342,1.3207,-0.0073
2019-03-13,1.3337,1.3077,1.3385,1.3059,0.0202
2019-03-12,1.3073,1.3151,1.329,1.3005,-0.0059
2019-03-11,1.3151,1.3018,1.3172,1.2948,0.0104
2019-03-08,1.3015,1.3085,1.311,1.299,-0.0053
2019-03-07,1.3084,1.317,1.3186,1.3068,-0.006500000000000001
2019-03-06,1.3169,1.318,1.3183,1.3123,-0.0005
2019-03-05,1.3175,1.3177,1.32,1.3098,-0.0008
2019-03-04,1.3186,1.3238,1.3274,1.3165,-0.0012
2019-03-01,1.3202,1.3262,1.3287,1.3171,-0.0044
2019-02-28,1.3261,1.3309,1.3326,1.3253,-0.0034999999999999996
2019-02-27,1.3308,1.325,1.335,1.3232,0.0044
2019-02-26,1.325,1.3089,1.3289,1.3089,0.0118
2019-02-25,1.3095,1.3074,1.3115,1.3041,0.0033
2019-02-22,1.3052,1.3045,1.3082,1.2967,0.0002
2019-02-21,1.3049,1.3051,1.3096,1.3026,0.0
2019-02-20,1.3049,1.3062,1.311,1.3011,-0.001
2019-02-19,1.3062,1.2923,1.3075,1.2895,0.0109
2019-02-18,1.2921,1.2891,1.294,1.2891,0.0025
2019-02-15,1.2889,1.2807,1.2899,1.2784,0.0060999999999999995
2019-02-14,1.2811,1.2845,1.2879,1.2772,-0.0026
2019-02-13,1.2844,1.2893,1.296,1.2845,-0.0036
2019-02-12,1.289,1.286,1.291,1.2832,0.0032
2019-02-11,1.2849,1.2949,1.2957,1.2845,-0.0076
2019-02-08,1.2947,1.2955,1.2977,1.2921,-0.0005
2019-02-07,1.2953,1.2934,1.2997,1.2854,0.0016
2019-02-06,1.2932,1.295,1.2981,1.2925,-0.0008
2019-02-05,1.2942,1.3039,1.3057,1.2924,-0.0070999999999999995
2019-02-04,1.3035,1.3085,1.3104,1.3028,-0.0037
2019-02-01,1.3083,1.3107,1.3116,1.3043,-0.0013
2019-01-31,1.31,1.3116,1.3162,1.3098,-0.0012
2019-01-30,1.3116,1.3066,1.3146,1.3053,0.0038
2019-01-29,1.3066,1.3169,1.32,1.3057,-0.0073
2019-01-28,1.3162,1.3194,1.3215,1.3137,-0.003
2019-01-25,1.3201,1.3065,1.3218,1.3055,0.0105
2019-01-24,1.3064,1.3068,1.3096,1.3011,-0.0002
2019-01-23,1.3067,1.2959,1.3082,1.2942,0.0085
2019-01-22,1.2957,1.2891,1.2977,1.2855,0.0052
2019-01-21,1.289,1.2883,1.2912,1.283,0.0013
2019-01-18,1.2873,1.2986,1.2995,1.2856,-0.0085
2019-01-17,1.2984,1.2885,1.3002,1.2832,0.008
2019-01-16,1.2881,1.286,1.2898,1.2824,0.0018
2019-01-15,1.2858,1.2862,1.2917,1.267,-0.0004
2019-01-14,1.2863,1.2848,1.2931,1.2817,0.0017000000000000001
2019-01-11,1.2841,1.2758,1.2867,1.271,0.0074
2019-01-10,1.2747,1.2789,1.2803,1.2727,-0.0032
2019-01-09,1.2788,1.2717,1.2805,1.2711,0.005600000000000001
2019-01-08,1.2717,1.278,1.2798,1.2706,-0.0048
2019-01-07,1.2778,1.273,1.2788,1.2717,0.0040999999999999995
2019-01-04,1.2726,1.2629,1.2746,1.2616,0.0075
2019-01-03,1.2631,1.2605,1.2649,1.2439,0.0019
2019-01-02,1.2607,1.2742,1.2776,1.2581,-0.0113
2019-01-01,1.2751,1.2761,1.2765,1.2725,-0.0005
