DATE,ULSP_PRICE,ULSD_PRICE,ULSP_DUTY,ULSD_DUTY,PRICE_OIL,PRICE_CURRENCY,INFLATION_RATE
2019-01-01,,,,,59.41,1.2751,1.8
2019-01-02,,,,,,1.2607,
2019-01-03,,,,,,1.2631,
2019-01-04,,,,,,1.2726,
2019-01-05,,,,,,,
2019-01-06,,,,,,,
2019-01-07,1.2027,1.3033,0.5795,0.5795,,1.2778,
2019-01-08,,,,,,1.2717,
2019-01-09,,,,,,1.2788,
2019-01-10,,,,,,1.2747,
2019-01-11,,,,,,1.2841,
2019-01-12,,,,,,,
2019-01-13,,,,,,,
2019-01-14,1.1953,1.2947,0.5795,0.5795,,1.2863,
2019-01-15,,,,,,1.2858,
2019-01-16,,,,,,1.2881,
2019-01-17,,,,,,1.2984,
2019-01-18,,,,,,1.2873,
2019-01-19,,,,,,,
2019-01-20,,,,,,,
2019-01-21,1.1912,1.2892,0.5795,0.5795,,1.289,
2019-01-22,,,,,,1.2957,
2019-01-23,,,,,,1.3067,
2019-01-24,,,,,,1.3064,
2019-01-25,,,,,,1.3201,
2019-01-26,,,,,,,
2019-01-27,,,,,,,
2019-01-28,1.1929,1.291,0.5795,0.5795,,1.3162,
2019-01-29,,,,,,1.3066,
2019-01-30,,,,,,1.3116,
2019-01-31,,,,,,1.31,
2019-02-01,,,,,63.96,1.3083,1.8
2019-02-02,,,,,,,
2019-02-03,,,,,,,
2019-02-04,1.1913,1.2913,0.5795,0.5795,,1.3035,
2019-02-05,,,,,,1.2942,
2019-02-06,,,,,,1.2932,
2019-02-07,,,,,,1.2953,
2019-02-08,,,,,,1.2947,
2019-02-09,,,,,,,
2019-02-10,,,,,,,
2019-02-11,1.1897,1.2916999999999998,0.5795,0.5795,,1.2849,
2019-02-12,,,,,,1.289,
2019-02-13,,,,,,1.2844,
2019-02-14,,,,,,1.2811,
2019-02-15,,,,,,1.2889,
2019-02-16,,,,,,,
2019-02-17,,,,,,,
2019-02-18,1.1905,1.2923,0.5795,0.5795,,1.2921,
2019-02-19,,,,,,1.3062,
2019-02-20,,,,,,1.3049,
2019-02-21,,,,,,1.3049,
2019-02-22,,,,,,1.3052,
2019-02-23,,,,,,,
2019-02-24,,,,,,,
2019-02-25,1.1922,1.2966,0.5795,0.5795,,1.3095,
2019-02-26,,,,,,1.325,
2019-02-27,,,,,,1.3308,
2019-02-28,,,,,,1.3261,
2019-03-01,,,,,66.14,1.3202,1.8
2019-03-02,,,,,,,
2019-03-03,,,,,,,
2019-03-04,1.1972,1.3025,0.5795,0.5795,,1.3186,
2019-03-05,,,,,,1.3175,
2019-03-06,,,,,,1.3169,
2019-03-07,,,,,,1.3084,
2019-03-08,,,,,,1.3015,
2019-03-09,,,,,,,
2019-03-10,,,,,,,
2019-03-11,1.2009999999999998,1.3059,0.5795,0.5795,,1.3151,
2019-03-12,,,,,,1.3073,
2019-03-13,,,,,,1.3337,
2019-03-14,,,,,,1.3239,
2019-03-15,,,,,,1.3289,
2019-03-16,,,,,,,
2019-03-17,,,,,,,
2019-03-18,1.2048,1.3085,0.5795,0.5795,,1.3255,
2019-03-19,,,,,,1.3267,
2019-03-20,,,,,,1.3196,
2019-03-21,,,,,,1.3107,
2019-03-22,,,,,,1.3209,
2019-03-23,,,,,,,
2019-03-24,,,,,,,
2019-03-25,1.2083,1.3115,0.5795,0.5795,,1.3202,
2019-03-26,,,,,,1.3207,
2019-03-27,,,,,,1.3189,
2019-03-28,,,,,,1.3043,
2019-03-29,,,,,,1.3031,
2019-03-30,,,,,,,
2019-03-31,,,,,,,
2019-04-01,1.217,1.3148,0.5795,0.5795,71.23,1.3099,2.0
2019-04-02,,,,,,1.3127,
2019-04-03,,,,,,1.3159,
2019-04-04,,,,,,1.3077,
2019-04-05,,,,,,1.3036,
2019-04-06,,,,,,,
2019-04-07,,,,,,,
2019-04-08,1.2275,1.3208000000000002,0.5795,0.5795,,1.3062,
2019-04-09,,,,,,1.306,
2019-04-10,,,,,,1.3089,
2019-04-11,,,,,,1.3054,
2019-04-12,,,,,,1.3081,
2019-04-13,,,,,,,
2019-04-14,,,,,,,
2019-04-15,1.2406,1.3296,0.5795,0.5795,,1.3097,
2019-04-16,,,,,,1.3048,
2019-04-17,,,,,,1.3043,
2019-04-18,,,,,,1.2996,
2019-04-19,,,,,,1.2988,
2019-04-20,,,,,,,
2019-04-21,,,,,,,
2019-04-22,1.2543,1.3399,0.5795,0.5795,,1.2982,
2019-04-23,,,,,,1.2937,
2019-04-24,,,,,,1.29,
2019-04-25,,,,,,1.2897,
2019-04-26,,,,,,1.2917,
2019-04-27,,,,,,,
2019-04-28,,,,,,,
2019-04-29,1.2636,1.346,0.5795,0.5795,,1.2936,
2019-04-30,,,,,,1.3031,
2019-05-01,,,,,71.32,1.3049,1.9
2019-05-02,,,,,,1.3034,
2019-05-03,,,,,,1.3171,
2019-05-04,,,,,,,
2019-05-05,,,,,,,
2019-05-06,1.275,1.3541,0.5795,0.5795,,1.3095,
2019-05-07,,,,,,1.3074,
2019-05-08,,,,,,1.3006,
2019-05-09,,,,,,1.3013,
2019-05-10,,,,,,1.2999,
2019-05-11,,,,,,,
2019-05-12,,,,,,,
2019-05-13,1.2797,1.3536,0.5795,0.5795,,1.2955,
2019-05-14,,,,,,1.2904,
2019-05-15,,,,,,1.2848,
2019-05-16,,,,,,1.2795,
2019-05-17,,,,,,1.2718,
2019-05-18,,,,,,,
2019-05-19,,,,,,,
2019-05-20,1.2851,1.3582,0.5795,0.5795,,1.2726,
2019-05-21,,,,,,1.2705,
2019-05-22,,,,,,1.2661,
2019-05-23,,,,,,1.2654,
2019-05-24,,,,,,1.2712,
2019-05-25,,,,,,,
2019-05-26,,,,,,,
2019-05-27,1.2914,1.3644999999999998,0.5795,0.5795,,1.2677,
2019-05-28,,,,,,1.2652,
2019-05-29,,,,,,1.2625,
2019-05-30,,,,,,1.2606,
2019-05-31,,,,,,1.2631,
2019-06-01,,,,,64.22,,1.9
2019-06-02,,,,,,,
2019-06-03,1.2941,1.3639,0.5795,0.5795,,1.2663,
2019-06-04,,,,,,1.2696,
2019-06-05,,,,,,1.2684,
2019-06-06,,,,,,1.2699,
2019-06-07,,,,,,1.2734,
2019-06-08,,,,,,,
2019-06-09,,,,,,,
2019-06-10,1.2889,1.354,0.5795,0.5795,,1.2683,
2019-06-11,,,,,,1.2722,
2019-06-12,,,,,,1.2686,
2019-06-13,,,,,,1.2672,
2019-06-14,,,,,,1.259,
2019-06-15,,,,,,,
2019-06-16,,,,,,,
2019-06-17,1.2766,1.3376,0.5795,0.5795,,1.2532,
2019-06-18,,,,,,1.2556,
2019-06-19,,,,,,1.2639,
2019-06-20,,,,,,1.2699,
2019-06-21,,,,,,1.274,
2019-06-22,,,,,,,
2019-06-23,,,,,,,
2019-06-24,1.2666,1.3181,0.5795,0.5795,,1.2739,
2019-06-25,,,,,,1.2697,
2019-06-26,,,,,,1.2688,
2019-06-27,,,,,,1.2675,
2019-06-28,,,,,,1.2693,
2019-06-29,,,,,,,
2019-06-30,,,,,,,
2019-07-01,1.2649,1.3155,0.5795,0.5795,63.92,1.2638,2.0
2019-07-02,,,,,,1.2591,
2019-07-03,,,,,,1.2571,
2019-07-04,,,,,,1.2576,
2019-07-05,,,,,,1.2523,
2019-07-06,,,,,,,
2019-07-07,,,,,,,
2019-07-08,1.2686,1.3168,0.5795,0.5795,,1.251,
2019-07-09,,,,,,1.2465,
2019-07-10,,,,,,1.2499,
2019-07-11,,,,,,1.2519,
2019-07-12,,,,,,1.2573,
2019-07-13,,,,,,,
2019-07-14,,,,,,,
2019-07-15,1.2713,1.3186000000000002,0.5795,0.5795,,1.2514,
2019-07-16,,,,,,1.2403,
2019-07-17,,,,,,1.2431,
2019-07-18,,,,,,1.2546,
2019-07-19,,,,,,1.25,
2019-07-20,,,,,,,
2019-07-21,,,,,,,
2019-07-22,1.2781,1.3221,0.5795,0.5795,,1.2474,
2019-07-23,,,,,,1.2436,
2019-07-24,,,,,,1.2481,
2019-07-25,,,,,,1.2454,
2019-07-26,,,,,,1.238,
2019-07-27,,,,,,,
2019-07-28,,,,,,,
2019-07-29,1.2803,1.3259999999999998,0.5795,0.5795,,1.2217,
2019-07-30,,,,,,1.2149,
2019-07-31,,,,,,1.2157,
2019-08-01,,,,,59.04,1.2131,1.7
2019-08-02,,,,,,1.2154,
2019-08-03,,,,,,,
2019-08-04,,,,,,,
2019-08-05,1.2837,1.3261,0.5795,0.5795,,1.2141,
2019-08-06,,,,,,1.2166,
2019-08-07,,,,,,1.214,
2019-08-08,,,,,,1.2131,
2019-08-09,,,,,,1.2034,
2019-08-10,,,,,,,
2019-08-11,,,,,,,
2019-08-12,1.2836,1.3259,0.5795,0.5795,,1.2073,
2019-08-13,,,,,,1.2058,
2019-08-14,,,,,,1.2059,
2019-08-15,,,,,,1.2084,
2019-08-16,,,,,,1.2149,
2019-08-17,,,,,,,
2019-08-18,,,,,,,
2019-08-19,1.2816999999999998,1.3259999999999998,0.5795,0.5795,,1.2125,
2019-08-20,,,,,,1.2168,
2019-08-21,,,,,,1.2126,
2019-08-22,,,,,,1.225,
2019-08-23,,,,,,1.2277,
2019-08-24,,,,,,,
2019-08-25,,,,,,,
2019-08-26,1.2822,1.3251,0.5795,0.5795,,1.2215,
2019-08-27,,,,,,1.2287,
2019-08-28,,,,,,1.2209,
2019-08-29,,,,,,1.2188,
2019-08-30,,,,,,1.2156,
2019-08-31,,,,,,,
2019-09-01,,,,,62.83,,1.7
2019-09-02,1.2786,1.3229,0.5795,0.5795,,1.2066,
2019-09-03,,,,,,1.2084,
2019-09-04,,,,,,1.225,
2019-09-05,,,,,,1.2329,
2019-09-06,,,,,,1.2281,
2019-09-07,,,,,,,
2019-09-08,,,,,,,
2019-09-09,1.2779,1.3189,0.5795,0.5795,,1.2345,
2019-09-10,,,,,,1.2346,
2019-09-11,,,,,,1.2326,
2019-09-12,,,,,,1.2332,
2019-09-13,,,,,,1.25,
2019-09-14,,,,,,,
2019-09-15,,,,,,,
2019-09-16,1.2692,1.3135,0.5795,0.5795,,1.2428,
2019-09-17,,,,,,1.25,
2019-09-18,,,,,,1.2468,
2019-09-19,,,,,,1.2524,
2019-09-20,,,,,,1.2477,
2019-09-21,,,,,,,
2019-09-22,,,,,,,
2019-09-23,1.2678,1.3152,0.5795,0.5795,,1.2429,
2019-09-24,,,,,,1.2488,
2019-09-25,,,,,,1.2349,
2019-09-26,,,,,,1.2322,
2019-09-27,,,,,,1.2288,
2019-09-28,,,,,,,
2019-09-29,,,,,,,
2019-09-30,1.2692,1.3183,0.5795,0.5795,,1.2287,
2019-10-01,,,,,59.71,1.2301,1.5
2019-10-02,,,,,,1.23,
2019-10-03,,,,,,1.2328,
2019-10-04,,,,,,1.2332,
2019-10-05,,,,,,,
2019-10-06,,,,,,,
2019-10-07,1.2687,1.3182,0.5795,0.5795,,1.229,
2019-10-08,,,,,,1.2217,
2019-10-09,,,,,,1.2204,
2019-10-10,,,,,,1.244,
2019-10-11,,,,,,1.2647,
2019-10-12,,,,,,,
2019-10-13,,,,,,,
2019-10-14,1.2691,1.3189,0.5795,0.5795,,1.2606,
2019-10-15,,,,,,1.2786,
2019-10-16,,,,,,1.283,
2019-10-17,,,,,,1.2888,
2019-10-18,,,,,,1.2971,
2019-10-19,,,,,,,
2019-10-20,,,,,,,
2019-10-21,1.264,1.3128,0.5795,0.5795,,1.2958,
2019-10-22,,,,,,1.2872,
2019-10-23,,,,,,1.2916,
2019-10-24,,,,,,1.285,
2019-10-25,,,,,,1.2821,
2019-10-26,,,,,,,
2019-10-27,,,,,,,
2019-10-28,1.2577,1.306,0.5795,0.5795,,1.2862,
2019-10-29,,,,,,1.2865,
2019-10-30,,,,,,1.2901,
2019-10-31,,,,,,1.294,
2019-11-01,,,,,63.21,1.2934,
2019-11-02,,,,,,,
2019-11-03,,,,,,,
2019-11-04,1.2556,1.3037999999999998,0.5795,0.5795,,1.2882,
2019-11-05,,,,,,1.2882,
2019-11-06,,,,,,1.285,
2019-11-07,,,,,,1.2813,
2019-11-08,,,,,,1.277,
2019-11-09,,,,,,,
2019-11-10,,,,,,,
2019-11-11,1.2559,1.3041999999999998,0.5795,0.5795,,1.2851,
2019-11-12,,,,,,1.2844,
2019-11-13,,,,,,1.2849,
2019-11-14,,,,,,1.2881,
2019-11-15,,,,,,1.2899,
2019-11-16,,,,,,,
2019-11-17,,,,,,,
2019-11-18,1.2558,1.3035,0.5795,0.5795,,1.2952,
2019-11-19,,,,,,1.2922,
2019-11-20,,,,,,1.2922,
2019-11-21,,,,,,1.2913,
2019-11-22,,,,,,1.283,
2019-11-23,,,,,,,
2019-11-24,,,,,,,
2019-11-25,1.2532,1.3008000000000002,0.5795,0.5795,,1.2898,
2019-11-26,,,,,,1.2865,
2019-11-27,,,,,,1.2921,
2019-11-28,,,,,,1.2911,
2019-11-29,,,,,,1.2933,
2019-11-30,,,,,,,
2019-12-01,,,,,67.31,,
2019-12-02,1.2481,1.2978999999999998,0.5795,0.5795,,1.2936,
2019-12-03,,,,,,1.2992,
2019-12-04,,,,,,1.3103,
2019-12-05,,,,,,1.3155,
2019-12-06,,,,,,1.3135,
2019-12-07,,,,,,,
2019-12-08,,,,,,,
2019-12-09,1.2475,1.2978999999999998,0.5795,0.5795,,1.3143,
2019-12-10,,,,,,1.3154,
2019-12-11,,,,,,1.3193,
2019-12-12,,,,,,1.3162,
2019-12-13,,,,,,1.3325,
2019-12-14,,,,,,,
2019-12-15,,,,,,,
2019-12-16,1.2433,1.2956,0.5795,0.5795,,1.3329,
2019-12-17,,,,,,1.3128,
2019-12-18,,,,,,1.3076,
2019-12-19,,,,,,1.3007,
2019-12-20,,,,,,1.3002,
2019-12-21,,,,,,,
2019-12-22,,,,,,,
2019-12-23,1.2416,1.2981,0.5795,0.5795,,1.2933,
2019-12-24,,,,,,1.2944,
2019-12-25,,,,,,1.296,
2019-12-26,,,,,,1.2992,
2019-12-27,,,,,,1.3076,
2019-12-28,,,,,,,
2019-12-29,,,,,,,
2019-12-30,1.2496,1.3054,0.5795,0.5795,,1.3113,
2019-12-31,,,,,,1.3259,
2020-01-01,,,,,63.65,1.3254,
2020-01-02,,,,,,1.3144,
2020-01-03,,,,,,1.3086,
2020-01-04,,,,,,,
2020-01-05,,,,,,,
2020-01-06,1.2609,1.3156,0.5795,0.5795,,1.3167,
2020-01-07,,,,,,1.3123,
2020-01-08,,,,,,1.3097,
2020-01-09,,,,,,1.3065,
2020-01-10,,,,,,1.3059,
2020-01-11,,,,,,,
2020-01-12,,,,,,,
2020-01-13,1.2717,1.3269,0.5795,0.5795,,1.2988,
2020-01-14,,,,,,1.3017,
2020-01-15,,,,,,1.3036,
2020-01-16,,,,,,1.3076,
2020-01-17,,,,,,1.3008,
2020-01-18,,,,,,,
2020-01-19,,,,,,,
2020-01-20,1.2718,1.3274,0.5795,0.5795,,1.3009,
2020-01-21,,,,,,1.3047,
2020-01-22,,,,,,1.314,
2020-01-23,,,,,,1.3121,
2020-01-24,,,,,,1.3076,
2020-01-25,,,,,,,
2020-01-26,,,,,,,
2020-01-27,1.2733,1.3288,0.5795,0.5795,,1.3053,
2020-01-28,,,,,,1.3027,
2020-01-29,,,,,,1.302,
2020-01-30,,,,,,1.3094,
2020-01-31,,,,,,1.3199,
2020-02-01,,,,,55.66,,
2020-02-02,,,,,,,
2020-02-03,1.2585,1.3148,0.5795,0.5795,,1.2993,
2020-02-04,,,,,,1.3029,
2020-02-05,,,,,,1.3,
2020-02-06,,,,,,1.2928,
2020-02-07,,,,,,1.2891,
2020-02-08,,,,,,,
2020-02-09,,,,,,,
2020-02-10,1.2473,1.297,0.5795,0.5795,,1.2913,
2020-02-11,,,,,,1.2951,
2020-02-12,,,,,,1.296,
2020-02-13,,,,,,1.3045,
2020-02-14,,,,,,1.3046,
2020-02-15,,,,,,,
2020-02-16,,,,,,,
2020-02-17,1.238,1.2819999999999998,0.5795,0.5795,,1.3006,
2020-02-18,,,,,,1.2998,
2020-02-19,,,,,,1.2919,
2020-02-20,,,,,,1.2879,
2020-02-21,,,,,,1.2969,
2020-02-22,,,,,,,
2020-02-23,,,,,,,
2020-02-24,1.2345,1.2767,0.5795,0.5795,,1.2927,
2020-02-25,,,,,,1.3004,
2020-02-26,,,,,,1.2903,
2020-02-27,,,,,,1.2884,
2020-02-28,,,,,,1.282,
2020-02-29,,,,,,,
2020-03-01,,,,,32.01,,
2020-03-02,1.2243000000000002,1.2662,0.5795,0.5795,,1.275,
2020-03-03,,,,,,1.281,
2020-03-04,,,,,,1.287,
2020-03-05,,,,,,1.2954,
2020-03-06,,,,,,1.3047,
2020-03-07,,,,,,,
2020-03-08,,,,,,,
2020-03-09,1.2224,1.2625,0.5795,0.5795,,1.3131,
2020-03-10,,,,,,1.2906,
2020-03-11,,,,,,1.282,
2020-03-12,,,,,,1.2571,
2020-03-13,,,,,,1.2276,
2020-03-14,,,,,,,
2020-03-15,,,,,,,
2020-03-16,1.2033,1.2436,0.5795,0.5795,,1.2266,
2020-03-17,,,,,,1.205,
2020-03-18,,,,,,1.1613,
2020-03-19,,,,,,1.1485,
2020-03-20,,,,,,1.1641,
2020-03-21,,,,,,,
2020-03-22,,,,,,,
2020-03-23,1.1964,1.2341,0.5795,0.5795,,1.1548,
2020-03-24,,,,,,1.1757,
2020-03-25,,,,,,1.1885,
2020-03-26,,,,,,1.2201,
2020-03-27,,,,,,1.2456,
2020-03-28,,,,,,,
2020-03-29,,,,,,,
2020-03-30,1.1245,1.186,0.5795,0.5795,,1.2416,
2020-03-31,,,,,,1.2418,
2020-04-01,,,,,18.38,1.2376,
2020-04-02,,,,,,1.2392,
2020-04-03,,,,,,1.226,
2020-04-04,,,,,,,
2020-04-05,,,,,,,
2020-04-06,1.1023,1.1683,0.5795,0.5795,,1.2229,
2020-04-07,,,,,,1.2337,
2020-04-08,,,,,,1.2385,
2020-04-09,,,,,,1.2455,
2020-04-10,,,,,,1.2452,
2020-04-11,,,,,,,
2020-04-12,,,,,,,
2020-04-13,1.0927,1.1615,0.5795,0.5795,,1.2507,
2020-04-14,,,,,,1.2623,
2020-04-15,,,,,,1.2514,
2020-04-16,,,,,,1.2455,
2020-04-17,,,,,,1.2499,
2020-04-18,,,,,,,
2020-04-19,,,,,,,
2020-04-20,1.0863,1.1573,0.5795,0.5795,,1.2435,
2020-04-21,,,,,,1.2293,
2020-04-22,,,,,,1.2332,
2020-04-23,,,,,,1.2342,
2020-04-24,,,,,,1.2367,
2020-04-25,,,,,,,
2020-04-26,,,,,,,
2020-04-27,1.0788,1.1522,0.5795,0.5795,,1.2428,
2020-04-28,,,,,,1.2421,
2020-04-29,,,,,,1.2464,
2020-04-30,,,,,,1.2592,
2020-05-01,,,,,29.38,1.2502,
2020-05-02,,,,,,,
2020-05-03,,,,,,,
2020-05-04,1.0756,1.1494,0.5795,0.5795,,1.2442,
2020-05-05,,,,,,1.2434,
2020-05-06,,,,,,1.2341,
2020-05-07,,,,,,1.2361,
2020-05-08,,,,,,1.2407,
2020-05-09,,,,,,,
2020-05-10,,,,,,,
2020-05-11,1.0745,1.1483,0.5795,0.5795,,1.2335,
2020-05-12,,,,,,1.2259,
2020-05-13,,,,,,1.2229,
2020-05-14,,,,,,1.2226,
2020-05-15,,,,,,1.2104,
2020-05-16,,,,,,,
2020-05-17,,,,,,,
2020-05-18,1.0509,1.1222,0.5795,0.5795,,1.2189,
2020-05-19,,,,,,1.2251,
2020-05-20,,,,,,1.2239,
2020-05-21,,,,,,1.2222,
2020-05-22,,,,,,1.2164,
2020-05-23,,,,,,,
2020-05-24,,,,,,,
2020-05-25,1.0487,1.117,0.5795,0.5795,,1.2182,
2020-05-26,,,,,,1.2331,
2020-05-27,,,,,,1.225,
2020-05-28,,,,,,1.2316,
2020-05-29,,,,,,1.2344,
2020-05-30,,,,,,,
2020-05-31,,,,,,,
2020-06-01,1.0517,1.1176,0.5795,0.5795,40.27,1.2492,
2020-06-02,,,,,,1.2549,
2020-06-03,,,,,,1.2572,
2020-06-04,,,,,,1.2594,
2020-06-05,,,,,,1.2663,
2020-06-06,,,,,,,
2020-06-07,,,,,,,
2020-06-08,1.0574,1.1198,0.5795,0.5795,,1.2722,
2020-06-09,,,,,,1.2729,
2020-06-10,,,,,,1.2745,
2020-06-11,,,,,,1.26,
2020-06-12,,,,,,1.254,
2020-06-13,,,,,,,
2020-06-14,,,,,,,
2020-06-15,1.0637,1.1253,0.5795,0.5795,,1.2602,
2020-06-16,,,,,,1.2574,
2020-06-17,,,,,,1.2554,
2020-06-18,,,,,,1.2424,
2020-06-19,,,,,,1.2356,
2020-06-20,,,,,,,
2020-06-21,,,,,,,
2020-06-22,1.0713,1.1298,0.5795,0.5795,,1.2461,
2020-06-23,,,,,,1.2518,
2020-06-24,,,,,,1.2418,
2020-06-25,,,,,,1.2414,
2020-06-26,,,,,,1.2333,
2020-06-27,,,,,,,
2020-06-28,,,,,,,
2020-06-29,1.0831,1.141,0.5795,0.5795,,1.2296,
2020-06-30,,,,,,1.2399,
2020-07-01,,,,,43.24,1.247,
2020-07-02,,,,,,1.2466,
2020-07-03,,,,,,1.2483,
2020-07-04,,,,,,,
2020-07-05,,,,,,,
2020-07-06,1.0943,1.1505,0.5795,0.5795,,1.2491,
2020-07-07,,,,,,1.254,
2020-07-08,,,,,,1.2609,
2020-07-09,,,,,,1.2604,
2020-07-10,,,,,,1.262,
2020-07-11,,,,,,,
2020-07-12,,,,,,,
2020-07-13,1.1124,1.1675,0.5795,0.5795,,1.2552,
2020-07-14,,,,,,1.2548,
2020-07-15,,,,,,1.258,
2020-07-16,,,,,,1.2549,
2020-07-17,,,,,,1.2565,
2020-07-18,,,,,,,
2020-07-19,,,,,,,
2020-07-20,1.1223,1.1735,0.5795,0.5795,,1.266,
2020-07-21,,,,,,1.2728,
2020-07-22,,,,,,1.2732,
2020-07-23,,,,,,1.2739,
2020-07-24,,,,,,1.2789,
2020-07-25,,,,,,,
2020-07-26,,,,,,,
2020-07-27,1.1266,1.1776,0.5795,0.5795,,1.2881,
2020-07-28,,,,,,1.293,
2020-07-29,,,,,,1.2995,
2020-07-30,,,,,,1.3093,
2020-07-31,,,,,,1.3088,
2020-08-01,,,,,44.74,,
2020-08-02,,,,,,,
2020-08-03,1.1291,1.1797,0.5795,0.5795,,1.3072,
2020-08-04,,,,,,1.306,
2020-08-05,,,,,,1.3112,
2020-08-06,,,,,,1.3146,
2020-08-07,,,,,,1.3051,
2020-08-08,,,,,,,
2020-08-09,,,,,,,
2020-08-10,1.1302,1.1801,0.5795,0.5795,,1.307,
2020-08-11,,,,,,1.3048,
2020-08-12,,,,,,1.3032,
2020-08-13,,,,,,1.3063,
2020-08-14,,,,,,1.3084,
2020-08-15,,,,,,,
2020-08-16,,,,,,,
2020-08-17,1.1304,1.18,0.5795,0.5795,,1.3102,
2020-08-18,,,,,,1.3235,
2020-08-19,,,,,,1.3098,
2020-08-20,,,,,,1.3212,
2020-08-21,,,,,,1.3087,
2020-08-22,,,,,,,
2020-08-23,,,,,,,
2020-08-24,1.1322,1.1814,0.5795,0.5795,,1.3063,
2020-08-25,,,,,,1.315,
2020-08-26,,,,,,1.3208,
2020-08-27,,,,,,1.3198,
2020-08-28,,,,,,1.3349,
2020-08-29,,,,,,,
2020-08-30,,,,,,,
2020-08-31,1.1329,1.1818,0.5795,0.5795,,1.3369,
2020-09-01,,,,,40.91,1.3381,
2020-09-02,,,,,,1.3352,
2020-09-03,,,,,,1.328,
2020-09-04,,,,,,1.3282,
2020-09-05,,,,,,,
2020-09-06,,,,,,,
2020-09-07,1.1337000000000002,1.1822,0.5795,0.5795,,1.3166,
2020-09-08,,,,,,1.2987,
2020-09-09,,,,,,1.3,
2020-09-10,,,,,,1.2803,
2020-09-11,,,,,,1.2793,
2020-09-12,,,,,,,
2020-09-13,,,,,,,
2020-09-14,1.1332,1.1818,0.5795,0.5795,,1.2844,
2020-09-15,,,,,,1.2886,
2020-09-16,,,,,,1.2965,
2020-09-17,,,,,,1.2972,
2020-09-18,,,,,,1.2915,
2020-09-19,,,,,,,
2020-09-20,,,,,,,
2020-09-21,1.1331,1.1816,0.5795,0.5795,,1.2814,
2020-09-22,,,,,,1.2731,
2020-09-23,,,,,,1.2722,
2020-09-24,,,,,,1.2749,
2020-09-25,,,,,,1.2745,
2020-09-26,,,,,,,
2020-09-27,,,,,,,
2020-09-28,1.133,1.1814,0.5795,0.5795,,1.2827,
2020-09-29,,,,,,1.2861,
2020-09-30,,,,,,1.2916,
2020-10-01,,,,,40.19,1.2889,
2020-10-02,,,,,,1.2931,
2020-10-03,,,,,,,
2020-10-04,,,,,,,
2020-10-05,1.1326,1.1811,0.5795,0.5795,,1.2977,
2020-10-06,,,,,,1.2877,
2020-10-07,,,,,,1.2918,
2020-10-08,,,,,,1.2933,
2020-10-09,,,,,,1.3046,
2020-10-10,,,,,,,
2020-10-11,,,,,,,
2020-10-12,1.1319,1.1805,0.5795,0.5795,,1.3064,
2020-10-13,,,,,,1.2934,
2020-10-14,,,,,,1.3011,
2020-10-15,,,,,,1.2914,
2020-10-16,,,,,,1.2913,
2020-10-17,,,,,,,
2020-10-18,,,,,,,
2020-10-19,1.1318,1.1808,0.5795,0.5795,,1.2947,
2020-10-20,,,,,,1.2944,
2020-10-21,,,,,,1.3144,
2020-10-22,,,,,,1.3081,
2020-10-23,,,,,,1.304,
2020-10-24,,,,,,,
2020-10-25,,,,,,,
2020-10-26,1.1314,1.1808,0.5795,0.5795,,1.3023,
2020-10-27,,,,,,1.3043,
2020-10-28,,,,,,1.2981,
2020-10-29,,,,,,1.2926,
2020-10-30,,,,,,1.2941,
2020-10-31,,,,,,,
2020-11-01,,,,,42.69,,
2020-11-02,1.1311,1.1806,0.5795,0.5795,,1.2912,
2020-11-03,,,,,,1.3058,
2020-11-04,,,,,,1.2985,
2020-11-05,,,,,,1.3142,
2020-11-06,,,,,,1.3156,
2020-11-07,,,,,,,
2020-11-08,,,,,,,
2020-11-09,1.125,1.1728,0.5795,0.5795,,1.3163,
2020-11-10,,,,,,1.3271,
2020-11-11,,,,,,1.3221,
2020-11-12,,,,,,1.3114,
2020-11-13,,,,,,1.3186,
2020-11-14,,,,,,,
2020-11-15,,,,,,,
2020-11-16,1.1235,1.1707,0.5795,0.5795,,1.3191,
2020-11-17,,,,,,1.3241,
2020-11-18,,,,,,1.3269,
2020-11-19,,,,,,1.3261,
2020-11-20,,,,,,1.3282,
2020-11-21,,,,,,,
2020-11-22,,,,,,,
2020-11-23,1.1242,1.1713,0.5795,0.5795,,1.3323,
2020-11-24,,,,,,1.3356,
2020-11-25,,,,,,1.3382,
2020-11-26,,,,,,1.3355,
2020-11-27,,,,,,1.3314,
2020-11-28,,,,,,,
2020-11-29,,,,,,,
2020-11-30,1.1261,1.1741,0.5795,0.5795,,1.3321,
2020-12-01,,,,,49.99,1.3415,
2020-12-02,,,,,,1.3363,
2020-12-03,,,,,,1.3452,
2020-12-04,,,,,,1.3437,
2020-12-05,,,,,,,
2020-12-06,,,,,,,
2020-12-07,1.1317,1.1799,0.5795,0.5795,,1.3376,
2020-12-08,,,,,,1.3353,
2020-12-09,,,,,,1.3396,
2020-12-10,,,,,,1.3293,
2020-12-11,,,,,,1.3223,
2020-12-12,,,,,,,
2020-12-13,,,,,,,
2020-12-14,1.1382,1.1857,0.5795,0.5795,,1.3322,
2020-12-15,,,,,,1.3461,
2020-12-16,,,,,,1.3507,
2020-12-17,,,,,,1.3582,
2020-12-18,,,,,,1.352,
2020-12-19,,,,,,,
2020-12-20,,,,,,,
2020-12-21,1.1443,1.1917,0.5795,0.5795,,1.3463,
2020-12-22,,,,,,1.336,
2020-12-23,,,,,,1.3492,
2020-12-24,,,,,,1.3555,
2020-12-25,,,,,,1.3548,
2020-12-26,,,,,,,
2020-12-27,,,,,,,
2020-12-28,1.1491,1.1965,0.5795,0.5795,,1.3449,
2020-12-29,,,,,,1.35,
2020-12-30,,,,,,1.3622,
2020-12-31,,,,,,1.3673,
2021-01-01,,,,,54.77,1.3671,
2021-01-02,,,,,,,
2021-01-03,,,,,,,
2021-01-04,1.1539,1.1997,0.5795,0.5795,,1.3569,
2021-01-05,,,,,,1.3624,
2021-01-06,,,,,,1.3607,
2021-01-07,,,,,,1.3563,
2021-01-08,,,,,,1.3563,
2021-01-09,,,,,,,
2021-01-10,,,,,,,
2021-01-11,1.1614,1.2061,0.5795,0.5795,,1.3514,
2021-01-12,,,,,,1.3663,
2021-01-13,,,,,,1.3637,
2021-01-14,,,,,,1.3687,
2021-01-15,,,,,,1.3586,
2021-01-16,,,,,,,
2021-01-17,,,,,,,
2021-01-18,1.1693,1.2152,0.5795,0.5795,,1.3584,
2021-01-19,,,,,,1.3628,
2021-01-20,,,,,,1.3653,
2021-01-21,,,,,,1.3732,
2021-01-22,,,,,,1.3684,
2021-01-23,,,,,,,
2021-01-24,,,,,,,
2021-01-25,1.181,1.227,0.5795,0.5795,,1.3674,
2021-01-26,,,,,,1.3733,
2021-01-27,,,,,,1.3686,
2021-01-28,,,,,,1.3718,
2021-01-29,,,,,,1.3702,
2021-01-30,,,,,,,
2021-01-31,,,,,,,
2021-02-01,1.1914,1.237,0.5795,0.5795,62.28,1.3661,
2021-02-02,,,,,,1.3665,
2021-02-03,,,,,,1.3644,
2021-02-04,,,,,,1.367,
2021-02-05,,,,,,1.3733,
2021-02-06,,,,,,,
2021-02-07,,,,,,,
2021-02-08,1.1967,1.2409,0.5795,0.5795,,1.3738,
2021-02-09,,,,,,1.3814,
2021-02-10,,,,,,1.3828,
2021-02-11,,,,,,1.3815,
2021-02-12,,,,,,1.3844,
2021-02-13,,,,,,,
2021-02-14,,,,,,,
2021-02-15,1.2053,1.2501,0.5795,0.5795,,1.3903,
2021-02-16,,,,,,1.3901,
2021-02-17,,,,,,1.3853,
2021-02-18,,,,,,1.3971,
2021-02-19,,,,,,1.4014,
2021-02-20,,,,,,,
2021-02-21,,,,,,,
2021-02-22,1.2127,1.2571,0.5795,0.5795,,1.4061,
2021-02-23,,,,,,1.411,
2021-02-24,,,,,,1.4139,
2021-02-25,,,,,,1.4013,
2021-02-26,,,,,,1.3932,
2021-02-27,,,,,,,
2021-02-28,,,,,,,
2021-03-01,1.2217,1.2662,0.5795,0.5795,65.41,1.3922,
2021-03-02,,,,,,1.3953,
2021-03-03,,,,,,1.3953,
2021-03-04,,,,,,1.3894,
2021-03-05,,,,,,1.3841,
2021-03-06,,,,,,,
2021-03-07,,,,,,,
2021-03-08,1.2294,1.274,0.5795,0.5795,,1.3824,
2021-03-09,,,,,,1.3893,
2021-03-10,,,,,,1.393,
2021-03-11,,,,,,1.399,
2021-03-12,,,,,,1.3922,
2021-03-13,,,,,,,
2021-03-14,,,,,,,
2021-03-15,1.239,1.2824,0.5795,0.5795,,1.3893,
2021-03-16,,,,,,1.3887,
2021-03-17,,,,,,1.3963,
2021-03-18,,,,,,1.392,
2021-03-19,,,,,,1.3868,
2021-03-20,,,,,,,
2021-03-21,,,,,,,
2021-03-22,1.2457,1.2902,0.5795,0.5795,,1.3863,
2021-03-23,,,,,,1.375,
2021-03-24,,,,,,1.3683,
2021-03-25,,,,,,1.3732,
2021-03-26,,,,,,1.3787,
2021-03-27,,,,,,,
2021-03-28,,,,,,,
2021-03-29,1.2513,1.2932,0.5795,0.5795,,1.3759,
2021-03-30,,,,,,1.3739,
2021-03-31,,,,,,1.3779,
2021-04-01,,,,,64.81,1.383,
2021-04-02,,,,,,1.3829,
2021-04-03,,,,,,,
2021-04-04,,,,,,,
2021-04-05,1.2524,1.2935,0.5795,0.5795,,1.3897,
2021-04-06,,,,,,1.3823,
2021-04-07,,,,,,1.3734,
2021-04-08,,,,,,1.3733,
2021-04-09,,,,,,1.3708,
2021-04-10,,,,,,,
2021-04-11,,,,,,,
2021-04-12,1.254,1.2938999999999998,0.5795,0.5795,,1.374,
2021-04-13,,,,,,1.3748,
2021-04-14,,,,,,1.3778,
2021-04-15,,,,,,1.3786,
2021-04-16,,,,,,1.383,
2021-04-17,,,,,,,
2021-04-18,,,,,,,
2021-04-19,1.2548,1.2949000000000002,0.5795,0.5795,,1.3983,
2021-04-20,,,,,,1.3936,
2021-04-21,,,,,,1.3929,
2021-04-22,,,,,,1.3836,
2021-04-23,,,,,,1.3874,
2021-04-24,,,,,,,
2021-04-25,,,,,,,
2021-04-26,1.258,1.2977,0.5795,0.5795,,1.3896,
2021-04-27,,,,,,1.3912,
2021-04-28,,,,,,1.3932,
2021-04-29,,,,,,1.394,
2021-04-30,,,,,,1.3814,
2021-05-01,,,,,68.53,,
2021-05-02,,,,,,,
2021-05-03,1.2609,1.3,0.5795,0.5795,,1.3909,
2021-05-04,,,,,,1.3885,
2021-05-05,,,,,,1.3903,
2021-05-06,,,,,,1.3885,
2021-05-07,,,,,,1.3972,
2021-05-08,,,,,,,
2021-05-09,,,,,,,
2021-05-10,1.2653,1.3043,0.5795,0.5795,,1.412,
2021-05-11,,,,,,1.4141,
2021-05-12,,,,,,1.4052,
2021-05-13,,,,,,1.405,
2021-05-14,,,,,,1.4096,
2021-05-15,,,,,,,
2021-05-16,,,,,,,
2021-05-17,1.2719,1.3103,0.5795,0.5795,,1.4134,
2021-05-18,,,,,,1.4187,
2021-05-19,,,,,,1.4113,
2021-05-20,,,,,,1.4189,
2021-05-21,,,,,,1.4147,
2021-05-22,,,,,,,
2021-05-23,,,,,,,
2021-05-24,1.2789,1.3152,0.5795,0.5795,,1.4155,
2021-05-25,,,,,,1.4151,
2021-05-26,,,,,,1.4118,
2021-05-27,,,,,,1.4205,
2021-05-28,,,,,,1.4187,
2021-05-29,,,,,,,
2021-05-30,,,,,,,
2021-05-31,1.2815,1.3182,0.5795,0.5795,,1.4209,
2021-06-01,,,,,73.16,1.4146,
2021-06-02,,,,,,1.4168,
2021-06-03,,,,,,1.4103,
2021-06-04,,,,,,1.4154,
2021-06-05,,,,,,,
2021-06-06,,,,,,,
2021-06-07,1.2869,1.3238,0.5795,0.5795,,1.4178,
2021-06-08,,,,,,1.4155,
2021-06-09,,,,,,1.4118,
2021-06-10,,,,,,1.4173,
2021-06-11,,,,,,1.4106,
2021-06-12,,,,,,,
2021-06-13,,,,,,,
2021-06-14,1.2947,1.3317,0.5795,0.5795,,1.4112,
2021-06-15,,,,,,1.408,
2021-06-16,,,,,,1.3987,
2021-06-17,,,,,,1.3919,
2021-06-18,,,,,,1.3809,
2021-06-19,,,,,,,
2021-06-20,,,,,,,
2021-06-21,1.301,1.3369,0.5795,0.5795,,1.3929,
2021-06-22,,,,,,1.3947,
2021-06-23,,,,,,1.3959,
2021-06-24,,,,,,1.3922,
2021-06-25,,,,,,1.3877,
2021-06-26,,,,,,,
2021-06-27,,,,,,,
2021-06-28,1.3073,1.3427,0.5795,0.5795,,1.3883,
2021-06-29,,,,,,1.3835,
2021-06-30,,,,,,1.3827,
2021-07-01,,,,,75.17,1.3767,
2021-07-02,,,,,,1.3821,
2021-07-03,,,,,,,
2021-07-04,,,,,,,
2021-07-05,1.317,1.3413,0.5795,0.5795,,1.3845,
2021-07-06,,,,,,1.3799,
2021-07-07,,,,,,1.38,
2021-07-08,,,,,,1.3785,
2021-07-09,,,,,,1.3899,
2021-07-10,,,,,,,
2021-07-11,,,,,,,
2021-07-12,1.3247,1.3529,0.5795,0.5795,,1.388,
2021-07-13,,,,,,1.3808,
2021-07-14,,,,,,1.3856,
2021-07-15,,,,,,1.3828,
2021-07-16,,,,,,1.3772,
2021-07-17,,,,,,,
2021-07-18,,,,,,,
2021-07-19,1.332,1.3595,0.5795,0.5795,,1.3672,
2021-07-20,,,,,,1.3626,
2021-07-21,,,,,,1.371,
2021-07-22,,,,,,1.3763,
2021-07-23,,,,,,1.3745,
2021-07-24,,,,,,,
2021-07-25,,,,,,,
2021-07-26,1.3348,1.362,0.5795,0.5795,,1.3816,
2021-07-27,,,,,,1.3874,
2021-07-28,,,,,,1.3898,
2021-07-29,,,,,,1.3961,
2021-07-30,,,,,,1.3901,
2021-07-31,,,,,,,
2021-08-01,,,,,70.75,,
2021-08-02,1.3421,1.3688999999999998,0.5795,0.5795,,1.3881,
2021-08-03,,,,,,1.3914,
2021-08-04,,,,,,1.3885,
2021-08-05,,,,,,1.3928,
2021-08-06,,,,,,1.3871,
2021-08-07,,,,,,,
2021-08-08,,,,,,,
2021-08-09,1.347,1.3731,0.5795,0.5795,,1.3844,
2021-08-10,,,,,,1.3843,
2021-08-11,,,,,,1.3872,
2021-08-12,,,,,,1.3804,
2021-08-13,,,,,,1.3863,
2021-08-14,,,,,,,
2021-08-15,,,,,,,
2021-08-16,1.3477,1.3677,0.5795,0.5795,,1.385,
2021-08-17,,,,,,1.3739,
2021-08-18,,,,,,1.3755,
2021-08-19,,,,,,1.3638,
2021-08-20,,,,,,1.3621,
2021-08-21,,,,,,,
2021-08-22,,,,,,,
2021-08-23,1.3468,1.3715000000000002,0.5795,0.5795,,1.3717,
2021-08-24,,,,,,1.3727,
2021-08-25,,,,,,1.3759,
2021-08-26,,,,,,1.3699,
2021-08-27,,,,,,1.3757,
2021-08-28,,,,,,,
2021-08-29,,,,,,,
2021-08-30,1.3466,1.3711000000000002,0.5795,0.5795,,1.3758,
2021-08-31,,,,,,1.3754,
2021-09-01,,,,,74.49,1.3768,
2021-09-02,,,,,,1.3829,
2021-09-03,,,,,,1.3865,
2021-09-04,,,,,,,
2021-09-05,,,,,,,
2021-09-06,1.3476,1.3719,0.5795,0.5795,,1.3834,
2021-09-07,,,,,,1.3782,
2021-09-08,,,,,,1.3768,
2021-09-09,,,,,,1.3835,
2021-09-10,,,,,,1.3839,
2021-09-11,,,,,,,
2021-09-12,,,,,,,
2021-09-13,1.3475,1.3719,0.5795,0.5795,,1.3836,
2021-09-14,,,,,,1.3806,
2021-09-15,,,,,,1.3837,
2021-09-16,,,,,,1.3788,
2021-09-17,,,,,,1.3742,
2021-09-18,,,,,,,
2021-09-19,,,,,,,
2021-09-20,1.3486000000000002,1.3735,0.5795,0.5795,,1.3657,
2021-09-21,,,,,,1.3659,
2021-09-22,,,,,,1.3625,
2021-09-23,,,,,,1.3716,
2021-09-24,,,,,,1.3682,
2021-09-25,,,,,,,
2021-09-26,,,,,,,
2021-09-27,1.3519,1.3795,0.5795,0.5795,,1.3695,
2021-09-28,,,,,,1.3534,
2021-09-29,,,,,,1.3422,
2021-09-30,,,,,,1.3472,
2021-10-01,,,,,83.54,1.3545,
2021-10-02,,,,,,,
2021-10-03,,,,,,,
2021-10-04,1.361,1.392,0.5795,0.5795,,1.3613,
2021-10-05,,,,,,1.3629,
2021-10-06,,,,,,1.358,
2021-10-07,,,,,,1.3617,
2021-10-08,,,,,,1.3611,
2021-10-09,,,,,,,
2021-10-10,,,,,,,
2021-10-11,1.3717,1.4066,0.5795,0.5795,,1.3595,
2021-10-12,,,,,,1.3585,
2021-10-13,,,,,,1.3659,
2021-10-14,,,,,,1.3673,
2021-10-15,,,,,,1.3749,
2021-10-16,,,,,,,
2021-10-17,,,,,,,
2021-10-18,1.3946,1.4319,0.5795,0.5795,,1.3725,
2021-10-19,,,,,,1.3795,
2021-10-20,,,,,,1.3824,
2021-10-21,,,,,,1.3791,
2021-10-22,,,,,,1.3751,
2021-10-23,,,,,,,
2021-10-24,,,,,,,
2021-10-25,1.4181,1.459,0.5795,0.5795,,1.3768,
2021-10-26,,,,,,1.3766,
2021-10-27,,,,,,1.3746,
2021-10-28,,,,,,1.3788,
2021-10-29,,,,,,1.3691,
2021-10-30,,,,,,,
2021-10-31,,,,,,,
2021-11-01,1.4369999999999998,1.4748,0.5795,0.5795,81.05,1.3672,
2021-11-02,,,,,,1.3614,
2021-11-03,,,,,,1.3684,
2021-11-04,,,,,,1.3498,
2021-11-05,,,,,,1.3494,
2021-11-06,,,,,,,
2021-11-07,,,,,,,
2021-11-08,1.449,1.4884,0.5795,0.5795,,1.3561,
2021-11-09,,,,,,1.3554,
2021-11-10,,,,,,1.3401,
2021-11-11,,,,,,1.3371,
2021-11-12,,,,,,1.3413,
2021-11-13,,,,,,,
2021-11-14,,,,,,,
2021-11-15,1.4587,1.4975999999999998,0.5795,0.5795,,1.3418,
2021-11-16,,,,,,1.3427,
2021-11-17,,,,,,1.348,
2021-11-18,,,,,,1.3488,
2021-11-19,,,,,,1.3452,
2021-11-20,,,,,,,
2021-11-21,,,,,,,
2021-11-22,1.4689,1.5073,0.5795,0.5795,,1.3396,
2021-11-23,,,,,,1.3374,
2021-11-24,,,,,,1.3325,
2021-11-25,,,,,,1.332,
2021-11-26,,,,,,1.334,
2021-11-27,,,,,,,
2021-11-28,,,,,,,
2021-11-29,1.4753,1.5131,0.5795,0.5795,,1.3311,
2021-11-30,,,,,,1.3295,
2021-12-01,,,,,74.17,1.3277,
2021-12-02,,,,,,1.3306,
2021-12-03,,,,,,1.3231,
2021-12-04,,,,,,,
2021-12-05,,,,,,,
2021-12-06,1.4689,1.5061000000000002,0.5795,0.5795,,1.3264,
2021-12-07,,,,,,1.3242,
2021-12-08,,,,,,1.3209,
2021-12-09,,,,,,1.3219,
2021-12-10,,,,,,1.3269,
2021-12-11,,,,,,,
2021-12-12,,,,,,,
2021-12-13,1.4622,1.4988,0.5795,0.5795,,1.3216,
2021-12-14,,,,,,1.3238,
2021-12-15,,,,,,1.3263,
2021-12-16,,,,,,1.3319,
2021-12-17,,,,,,1.3242,
2021-12-18,,,,,,,
2021-12-19,,,,,,,
2021-12-20,1.4516,1.4889,0.5795,0.5795,,1.3207,
2021-12-21,,,,,,1.3265,
2021-12-22,,,,,,1.3348,
2021-12-23,,,,,,1.3404,
2021-12-24,,,,,,1.3385,
2021-12-25,,,,,,,
2021-12-26,,,,,,,
2021-12-27,1.4491999999999998,1.4882,0.5795,0.5795,,1.3437,
2021-12-28,,,,,,1.3434,
2021-12-29,,,,,,1.3486,
2021-12-30,,,,,,1.3494,
2021-12-31,,,,,,1.3529,
2022-01-01,,,,,86.51,,
2022-01-02,,,,,,,
2022-01-03,1.4504,1.4885,0.5795,0.5795,,1.3471,
2022-01-04,,,,,,1.3532,
2022-01-05,,,,,,1.3554,
2022-01-06,,,,,,1.3528,
2022-01-07,,,,,,1.3585,
2022-01-08,,,,,,,
2022-01-09,,,,,,,
2022-01-10,1.4482,1.4865000000000002,0.5795,0.5795,,1.3575,
2022-01-11,,,,,,1.3635,
2022-01-12,,,,,,1.3701,
2022-01-13,,,,,,1.3705,
2022-01-14,,,,,,1.3673,
2022-01-15,,,,,,,
2022-01-16,,,,,,,
2022-01-17,1.4480000000000002,1.487,0.5795,0.5795,,1.3645,
2022-01-18,,,,,,1.3594,
2022-01-19,,,,,,1.3606,
2022-01-20,,,,,,1.3595,
2022-01-21,,,,,,1.3554,
2022-01-22,,,,,,,
2022-01-23,,,,,,,
2022-01-24,1.4487,1.4881,0.5795,0.5795,,1.3485,
2022-01-25,,,,,,1.3496,
2022-01-26,,,,,,1.3461,
2022-01-27,,,,,,1.3385,
2022-01-28,,,,,,1.3404,
2022-01-29,,,,,,,
2022-01-30,,,,,,,
2022-01-31,1.4574,1.4968,0.5795,0.5795,,1.3445,
2022-02-01,,,,,97.13,1.352,
2022-02-02,,,,,,1.3577,
2022-02-03,,,,,,1.3595,
2022-02-04,,,,,,1.3529,
2022-02-05,,,,,,,
2022-02-06,,,,,,,
2022-02-07,1.4633,1.503,0.5795,0.5795,,1.3534,
2022-02-08,,,,,,1.3541,
2022-02-09,,,,,,1.3532,
2022-02-10,,,,,,1.3555,
2022-02-11,,,,,,1.356,
2022-02-12,,,,,,,
2022-02-13,,,,,,,
2022-02-14,1.4694999999999998,1.511,0.5795,0.5795,,1.3526,
2022-02-15,,,,,,1.3533,
2022-02-16,,,,,,1.3583,
2022-02-17,,,,,,1.3614,
2022-02-18,,,,,,1.359,
2022-02-19,,,,,,,
2022-02-20,,,,,,,
2022-02-21,1.4777,1.5195,0.5795,0.5795,,1.3598,
2022-02-22,,,,,,1.3582,
2022-02-23,,,,,,1.3542,
2022-02-24,,,,,,1.3375,
2022-02-25,,,,,,1.3405,
2022-02-26,,,,,,,
2022-02-27,,,,,,,
2022-02-28,1.4922,1.5336,0.5795,0.5795,,1.3419,
2022-03-01,,,,,117.25,1.3321,
2022-03-02,,,,,,1.3403,
2022-03-03,,,,,,1.3346,
2022-03-04,,,,,,1.3225,
2022-03-05,,,,,,,
2022-03-06,,,,,,,
2022-03-07,1.5295,1.5856,0.5795,0.5795,,1.3102,
2022-03-08,,,,,,1.3103,
2022-03-09,,,,,,1.3179,
2022-03-10,,,,,,1.3083,
2022-03-11,,,,,,1.3036,
2022-03-12,,,,,,,
2022-03-13,,,,,,,
2022-03-14,1.5996,1.6948,0.5795,0.5795,,1.3,
2022-03-15,,,,,,1.3038,
2022-03-16,,,,,,1.3145,
2022-03-17,,,,,,1.3146,
2022-03-18,,,,,,1.318,
2022-03-19,,,,,,,
2022-03-20,,,,,,,
2022-03-21,1.6537,1.7747,0.5795,0.5795,,1.3165,
2022-03-22,,,,,,1.3263,
2022-03-23,,,,,,1.3203,
2022-03-24,,,,,,1.3183,
2022-03-25,,,,,,1.3188,
2022-03-26,,,,,,,
2022-03-27,,,,,,,
2022-03-28,1.6265,1.7644,0.5295000000000001,0.5295000000000001,,1.3084,
2022-03-29,,,,,,1.3084,
2022-03-30,,,,,,1.3131,
2022-03-31,,,,,,1.3133,
2022-04-01,,,,,104.58,1.3112,
2022-04-02,,,,,,,
2022-04-03,,,,,,,
2022-04-04,1.6191,1.76,0.5295000000000001,0.5295000000000001,,1.3113,
2022-04-05,,,,,,1.3068,
2022-04-06,,,,,,1.3068,
2022-04-07,,,,,,1.3073,
2022-04-08,,,,,,1.3031,
2022-04-09,,,,,,,
2022-04-10,,,,,,,
2022-04-11,1.6178,1.7622,0.5295000000000001,0.5295000000000001,,1.3029,
2022-04-12,,,,,,1.2997,
2022-04-13,,,,,,1.3115,
2022-04-14,,,,,,1.3065,
2022-04-15,,,,,,1.3058,
2022-04-16,,,,,,,
2022-04-17,,,,,,,
2022-04-18,1.6166999999999998,1.7593,0.5295000000000001,0.5295000000000001,,1.3008,
2022-04-19,,,,,,1.2996,
2022-04-20,,,,,,1.3066,
2022-04-21,,,,,,1.3028,
2022-04-22,,,,,,1.2837,
2022-04-23,,,,,,,
2022-04-24,,,,,,,
2022-04-25,1.6184,1.7633,0.5295000000000001,0.5295000000000001,,1.274,
2022-04-26,,,,,,1.2572,
2022-04-27,,,,,,1.2548,
2022-04-28,,,,,,1.2456,
2022-04-29,,,,,,1.2571,
2022-04-30,,,,,,,
2022-05-01,,,,,113.34,,
2022-05-02,1.6247999999999998,1.7706,0.5295000000000001,0.5295000000000001,,1.2491,
2022-05-03,,,,,,1.2498,
2022-05-04,,,,,,1.2621,
2022-05-05,,,,,,1.2364,
2022-05-06,,,,,,1.2337,
2022-05-07,,,,,,,
2022-05-08,,,,,,,
2022-05-09,1.6368,1.7838999999999998,0.5295000000000001,0.5295000000000001,,1.2331,
2022-05-10,,,,,,1.2322,
2022-05-11,,,,,,1.225,
2022-05-12,,,,,,1.2199,
2022-05-13,,,,,,1.2261,
2022-05-14,,,,,,,
2022-05-15,,,,,,,
2022-05-16,1.6509,1.7967,0.5295000000000001,0.5295000000000001,,1.2317,
2022-05-17,,,,,,1.249,
2022-05-18,,,,,,1.2338,
2022-05-19,,,,,,1.246,
2022-05-20,,,,,,1.2487,
2022-05-21,,,,,,,
2022-05-22,,,,,,,
2022-05-23,1.6759,1.8116,0.5295000000000001,0.5295000000000001,,1.2588,
2022-05-24,,,,,,1.2529,
2022-05-25,,,,,,1.2564,
2022-05-26,,,,,,1.2594,
2022-05-27,,,,,,1.2616,
2022-05-28,,,,,,,
2022-05-29,,,,,,,
2022-05-30,1.7036000000000002,1.8225,0.5295000000000001,0.5295000000000001,,1.265,
2022-05-31,,,,,,1.26,
2022-06-01,,,,,122.71,1.2482,
2022-06-02,,,,,,1.2576,
2022-06-03,,,,,,1.2485,
2022-06-04,,,,,,,
2022-06-05,,,,,,,
2022-06-06,1.7499,1.8494,0.5295000000000001,0.5295000000000001,,1.253,
2022-06-07,,,,,,1.2588,
2022-06-08,,,,,,1.2539,
2022-06-09,,,,,,1.249,
2022-06-10,,,,,,1.2314,
2022-06-11,,,,,,,
2022-06-12,,,,,,,
2022-06-13,1.8253,1.9043,0.5295000000000001,0.5295000000000001,,1.2134,
2022-06-14,,,,,,1.1993,
2022-06-15,,,,,,1.2178,
2022-06-16,,,,,,1.2351,
2022-06-17,,,,,,1.2224,
2022-06-18,,,,,,,
2022-06-19,,,,,,,
2022-06-20,1.8685,1.9487,0.5295000000000001,0.5295000000000001,,1.225,
2022-06-21,,,,,,1.2272,
2022-06-22,,,,,,1.2266,
2022-06-23,,,,,,1.226,
2022-06-24,,,,,,1.2262,
2022-06-25,,,,,,,
2022-06-26,,,,,,,
2022-06-27,1.9093,1.9893,0.5295000000000001,0.5295000000000001,,1.2264,
2022-06-28,,,,,,1.2182,
2022-06-29,,,,,,1.2125,
2022-06-30,,,,,,1.2175,
2022-07-01,,,,,111.93,1.2094,
2022-07-02,,,,,,,
2022-07-03,,,,,,,
2022-07-04,1.9155,1.9922,0.5295000000000001,0.5295000000000001,,1.2105,
2022-07-05,,,,,,1.1957,
2022-07-06,,,,,,1.193,
2022-07-07,,,,,,1.2021,
2022-07-08,,,,,,1.2027,
2022-07-09,,,,,,,
2022-07-10,,,,,,,
2022-07-11,1.9063,1.9874,0.5295000000000001,0.5295000000000001,,1.1889,
2022-07-12,,,,,,1.1885,
2022-07-13,,,,,,1.1889,
2022-07-14,,,,,,1.1822,
2022-07-15,,,,,,1.1852,
2022-07-16,,,,,,,
2022-07-17,,,,,,,
2022-07-18,1.8892,1.9753,0.5295000000000001,0.5295000000000001,,1.1954,
2022-07-19,,,,,,1.1995,
2022-07-20,,,,,,1.1969,
2022-07-21,,,,,,1.1993,
2022-07-22,,,,,,1.2002,
2022-07-23,,,,,,,
2022-07-24,,,,,,,
2022-07-25,1.866,1.9588,0.5295000000000001,0.5295000000000001,,1.2042,
2022-07-26,,,,,,1.2025,
2022-07-27,,,,,,1.2151,
2022-07-28,,,,,,1.2169,
2022-07-29,,,,,,1.2166,
2022-07-30,,,,,,,
2022-07-31,,,,,,,
2022-08-01,1.8277,1.9304,0.5295000000000001,0.5295000000000001,100.45,1.2248,
2022-08-02,,,,,,1.2172,
2022-08-03,,,,,,1.2143,
2022-08-04,,,,,,1.2157,
2022-08-05,,,,,,1.2071,
2022-08-06,,,,,,,
2022-08-07,,,,,,,
2022-08-08,1.7763999999999998,1.8849,0.5295000000000001,0.5295000000000001,,1.2076,
2022-08-09,,,,,,1.208,
2022-08-10,,,,,,1.2225,
2022-08-11,,,,,,1.2212,
2022-08-12,,,,,,1.213,
2022-08-13,,,,,,,
2022-08-14,,,,,,,
2022-08-15,1.7419,1.8516,0.5295000000000001,0.5295000000000001,,1.2054,
2022-08-16,,,,,,1.2093,
2022-08-17,,,,,,1.2047,
2022-08-18,,,,,,1.193,
2022-08-19,,,,,,1.1827,
2022-08-20,,,,,,,
2022-08-21,,,,,,,
2022-08-22,1.7113999999999998,1.8292,0.5295000000000001,0.5295000000000001,,1.1765,
2022-08-23,,,,,,1.1831,
2022-08-24,,,,,,1.1797,
2022-08-25,,,,,,1.1829,
2022-08-26,,,,,,1.1747,
2022-08-27,,,,,,,
2022-08-28,,,,,,,
2022-08-29,1.7012,1.832,0.5295000000000001,0.5295000000000001,,1.1707,
2022-08-30,,,,,,1.1655,
2022-08-31,,,,,,1.1622,
2022-09-01,,,,,89.76,1.1542,
2022-09-02,,,,,,1.1507,
2022-09-03,,,,,,,
2022-09-04,,,,,,,
2022-09-05,1.6893,1.8282,0.5295000000000001,0.5295000000000001,,1.1513,
2022-09-06,,,,,,1.1516,
2022-09-07,,,,,,1.1525,
2022-09-08,,,,,,1.15,
2022-09-09,,,,,,1.1587,
2022-09-10,,,,,,,
2022-09-11,,,,,,,
2022-09-12,1.6761,1.8222,0.5295000000000001,0.5295000000000001,,1.1679,
2022-09-13,,,,,,1.1491,
2022-09-14,,,,,,1.1535,
2022-09-15,,,,,,1.1463,
2022-09-16,,,,,,1.1412,
2022-09-17,,,,,,,
2022-09-18,,,,,,,
2022-09-19,1.6547,1.8113,0.5295000000000001,0.5295000000000001,,1.1429,
2022-09-20,,,,,,1.1379,
2022-09-21,,,,,,1.1266,
2022-09-22,,,,,,1.1257,
2022-09-23,,,,,,1.0856,
2022-09-24,,,,,,,
2022-09-25,,,,,,,
2022-09-26,1.64,1.8046,0.5295000000000001,0.5295000000000001,,1.0684,
2022-09-27,,,,,,1.0731,
2022-09-28,,,,,,1.0888,
2022-09-29,,,,,,1.1115,
2022-09-30,,,,,,1.116,
2022-10-01,,,,,93.33,,
2022-10-02,,,,,,,
2022-10-03,1.6266999999999998,1.8004,0.5295000000000001,0.5295000000000001,,1.1322,
2022-10-04,,,,,,1.1473,
2022-10-05,,,,,,1.1326,
2022-10-06,,,,,,1.1158,
2022-10-07,,,,,,1.1084,
2022-10-08,,,,,,,
2022-10-09,,,,,,,
2022-10-10,1.6209,1.8076,0.5295000000000001,0.5295000000000001,,1.1055,
2022-10-11,,,,,,1.0963,
2022-10-12,,,,,,1.1103,
2022-10-13,,,,,,1.1329,
2022-10-14,,,,,,1.117,
2022-10-15,,,,,,,
2022-10-16,,,,,,,
2022-10-17,1.6281,1.8186,0.5295000000000001,0.5295000000000001,,1.1353,
2022-10-18,,,,,,1.1318,
2022-10-19,,,,,,1.1214,
2022-10-20,,,,,,1.1233,
2022-10-21,,,,,,1.1302,
2022-10-22,,,,,,,
2022-10-23,,,,,,,
2022-10-24,1.6462,1.873,0.5295000000000001,0.5295000000000001,,1.1275,
2022-10-25,,,,,,1.1467,
2022-10-26,,,,,,1.1627,
2022-10-27,,,,,,1.1564,
2022-10-28,,,,,,1.161,
2022-10-29,,,,,,,
2022-10-30,,,,,,,
2022-10-31,1.6587,1.8977,0.5295000000000001,0.5295000000000001,,1.1469,
2022-11-01,,,,,91.42,1.1483,
2022-11-02,,,,,,1.1389,
2022-11-03,,,,,,1.1165,
2022-11-04,,,,,,1.1375,
2022-11-05,,,,,,,
2022-11-06,,,,,,,
2022-11-07,1.6562,1.8979,0.5295000000000001,0.5295000000000001,,1.1511,
2022-11-08,,,,,,1.1536,
2022-11-09,,,,,,1.1356,
2022-11-10,,,,,,1.1713,
2022-11-11,,,,,,1.1835,
2022-11-12,,,,,,,
2022-11-13,,,,,,,
2022-11-14,1.644,1.8885,0.5295000000000001,0.5295000000000001,,1.1752,
2022-11-15,,,,,,1.1858,
2022-11-16,,,,,,1.1908,
2022-11-17,,,,,,1.1862,
2022-11-18,,,,,,1.1884,
2022-11-19,,,,,,,
2022-11-20,,,,,,,
2022-11-21,1.6328,1.8757,0.5295000000000001,0.5295000000000001,,1.1821,
2022-11-22,,,,,,1.1883,
2022-11-23,,,,,,1.2052,
2022-11-24,,,,,,1.211,
2022-11-25,,,,,,1.2093,
2022-11-26,,,,,,,
2022-11-27,,,,,,,
2022-11-28,1.6113,1.8557,0.5295000000000001,0.5295000000000001,,1.1958,
2022-11-29,,,,,,1.1953,
2022-11-30,,,,,,1.2056,
2022-12-01,,,,,80.92,1.2253,
2022-12-02,,,,,,1.2287,
2022-12-03,,,,,,,
2022-12-04,,,,,,,
2022-12-05,1.592,1.8356,0.5295000000000001,0.5295000000000001,,1.2188,
2022-12-06,,,,,,1.2137,
2022-12-07,,,,,,1.2199,
2022-12-08,,,,,,1.2233,
2022-12-09,,,,,,1.2255,
2022-12-10,,,,,,,
2022-12-11,,,,,,,
2022-12-12,1.5597,1.7991,0.5295000000000001,0.5295000000000001,,1.227,
2022-12-13,,,,,,1.2354,
2022-12-14,,,,,,1.2421,
2022-12-15,,,,,,1.2176,
2022-12-16,,,,,,1.214,
2022-12-17,,,,,,,
2022-12-18,,,,,,,
2022-12-19,1.5407,1.7762,0.5295000000000001,0.5295000000000001,,1.2146,
2022-12-20,,,,,,1.2181,
2022-12-21,,,,,,1.2083,
2022-12-22,,,,,,1.2043,
2022-12-23,,,,,,1.2058,
2022-12-24,,,,,,,
2022-12-25,,,,,,,
2022-12-26,1.5194,1.7552,0.5295000000000001,0.5295000000000001,,1.206,
2022-12-27,,,,,,1.2021,
2022-12-28,,,,,,1.2013,
2022-12-29,,,,,,1.2052,
2022-12-30,,,,,,1.2097,
2022-12-31,,,,,,,
2023-01-01,,,,,82.5,,
2023-01-02,1.509,1.7416,0.5295000000000001,0.5295000000000001,,1.2045,
2023-01-03,,,,,,1.1966,
2023-01-04,,,,,,1.2053,
2023-01-05,,,,,,1.1906,
2023-01-06,,,,,,1.2092,
2023-01-07,,,,,,,
2023-01-08,,,,,,,
2023-01-09,1.4997,1.7316,0.5295000000000001,0.5295000000000001,,1.2183,
2023-01-10,,,,,,1.2155,
2023-01-11,,,,,,1.2142,
2023-01-12,,,,,,1.22,
2023-01-13,,,,,,1.2226,
2023-01-14,,,,,,,
2023-01-15,,,,,,,
2023-01-16,1.4879,1.7164,0.5295000000000001,0.5295000000000001,,1.2191,
2023-01-17,,,,,,1.2288,
2023-01-18,,,,,,1.2346,
2023-01-19,,,,,,1.2389,
2023-01-20,,,,,,1.2393,
2023-01-21,,,,,,,
2023-01-22,,,,,,,
2023-01-23,1.4821,1.7086,0.5295000000000001,0.5295000000000001,,1.2373,
2023-01-24,,,,,,1.2328,
2023-01-25,,,,,,1.24,
2023-01-26,,,,,,1.2406,
2023-01-27,,,,,,1.2397,
2023-01-28,,,,,,,
2023-01-29,,,,,,,
2023-01-30,1.4818,1.7056,0.5295000000000001,0.5295000000000001,,1.2352,
2023-01-31,,,,,,1.232,
2023-02-01,,,,,82.59,1.2376,
2023-02-02,,,,,,1.2223,
2023-02-03,,,,,,1.2051,
2023-02-04,,,,,,,
2023-02-05,,,,,,,
2023-02-06,1.4834,1.7036000000000002,0.5295000000000001,0.5295000000000001,,1.2016,
2023-02-07,,,,,,1.2042,
2023-02-08,,,,,,1.2071,
2023-02-09,,,,,,1.2122,
2023-02-10,,,,,,1.2058,
2023-02-11,,,,,,,
2023-02-12,,,,,,,
2023-02-13,1.4798,1.6966,0.5295000000000001,0.5295000000000001,,1.2135,
2023-02-14,,,,,,1.217,
2023-02-15,,,,,,1.2026,
2023-02-16,,,,,,1.1993,
2023-02-17,,,,,,1.2035,
2023-02-18,,,,,,,
2023-02-19,,,,,,,
2023-02-20,1.4786,1.693,0.5295000000000001,0.5295000000000001,,1.2038,
2023-02-21,,,,,,1.2115,
2023-02-22,,,,,,1.2044,
2023-02-23,,,,,,1.2013,
2023-02-24,,,,,,1.1944,
2023-02-25,,,,,,,
2023-02-26,,,,,,,
2023-02-27,1.4755,1.6856,0.5295000000000001,0.5295000000000001,,1.2062,
2023-02-28,,,,,,1.202,
2023-03-01,,,,,78.43,1.2031,
2023-03-02,,,,,,1.1941,
2023-03-03,,,,,,1.204,
2023-03-04,,,,,,,
2023-03-05,,,,,,,
2023-03-06,1.4712,1.6733000000000002,0.5295000000000001,0.5295000000000001,,1.2021,
2023-03-07,,,,,,1.1827,
2023-03-08,,,,,,1.1842,
2023-03-09,,,,,,1.1925,
2023-03-10,,,,,,1.2028,
2023-03-11,,,,,,,
2023-03-12,,,,,,,
2023-03-13,1.4697,1.6704,0.5295000000000001,0.5295000000000001,,1.2181,
2023-03-14,,,,,,1.2158,
2023-03-15,,,,,,1.2065,
2023-03-16,,,,,,1.2107,
2023-03-17,,,,,,1.2175,
2023-03-18,,,,,,,
2023-03-19,,,,,,,
2023-03-20,1.4662,1.6626,0.5295000000000001,0.5295000000000001,,1.2276,
2023-03-21,,,,,,1.2214,
2023-03-22,,,,,,1.2264,
2023-03-23,,,,,,1.2285,
2023-03-24,,,,,,1.223,
2023-03-25,,,,,,,
2023-03-26,,,,,,,
2023-03-27,1.4621000000000002,1.6518000000000002,0.5295000000000001,0.5295000000000001,,1.2284,
2023-03-28,,,,,,1.234,
2023-03-29,,,,,,1.2311,
2023-03-30,,,,,,1.2383,
2023-03-31,,,,,,1.2333,
2023-04-01,,,,,84.64,,
2023-04-02,,,,,,,
2023-04-03,1.4572,1.6371,0.5295000000000001,0.5295000000000001,,1.2411,
2023-04-04,,,,,,1.2499,
2023-04-05,,,,,,1.2457,
2023-04-06,,,,,,1.2439,
2023-04-07,,,,,,1.2413,
2023-04-08,,,,,,,
2023-04-09,,,,,,,
2023-04-10,1.4582,1.6271,0.5295000000000001,0.5295000000000001,,1.2381,
2023-04-11,,,,,,1.2424,
2023-04-12,,,,,,1.2481,
2023-04-13,,,,,,1.252,
2023-04-14,,,,,,1.2413,
2023-04-15,,,,,,,
2023-04-16,,,,,,,
2023-04-17,1.4593,1.6211000000000002,0.5295000000000001,0.5295000000000001,,1.2374,
2023-04-18,,,,,,1.2424,
2023-04-19,,,,,,1.2438,
2023-04-20,,,,,,1.2443,
2023-04-21,,,,,,1.243,
2023-04-22,,,,,,,
2023-04-23,,,,,,,
2023-04-24,1.4584,1.6134,0.5295000000000001,0.5295000000000001,,1.2482,
2023-04-25,,,,,,1.2408,
2023-04-26,,,,,,1.2467,
2023-04-27,,,,,,1.2487,
2023-04-28,,,,,,1.2572,
2023-04-29,,,,,,,
2023-04-30,,,,,,,
2023-05-01,1.4571,1.6035,0.5295000000000001,0.5295000000000001,75.47,1.2496,
2023-05-02,,,,,,1.2464,
2023-05-03,,,,,,1.2564,
2023-05-04,,,,,,1.2572,
2023-05-05,,,,,,1.2641,
2023-05-06,,,,,,,
2023-05-07,,,,,,,
2023-05-08,1.453,1.5812,0.5295000000000001,0.5295000000000001,,1.2617,
2023-05-09,,,,,,1.2619,
2023-05-10,,,,,,1.2624,
2023-05-11,,,,,,1.2509,
2023-05-12,,,,,,1.2457,
2023-05-13,,,,,,,
2023-05-14,,,,,,,
2023-05-15,1.4465,1.5553,0.5295000000000001,0.5295000000000001,,1.2527,
2023-05-16,,,,,,1.2485,
2023-05-17,,,,,,1.2486,
2023-05-18,,,,,,1.2408,
2023-05-19,,,,,,1.2444,
2023-05-20,,,,,,,
2023-05-21,,,,,,,
2023-05-22,1.4364,1.5159,0.5295000000000001,0.5295000000000001,,1.2437,
2023-05-23,,,,,,1.241,
2023-05-24,,,,,,1.2364,
2023-05-25,,,,,,1.2321,
2023-05-26,,,,,,1.2343,
2023-05-27,,,,,,,
2023-05-28,,,,,,,
2023-05-29,1.4294,1.4787,0.5295000000000001,0.5295000000000001,,1.2351,
2023-05-30,,,,,,1.2413,
2023-05-31,,,,,,1.2437,
2023-06-01,,,,,74.84,1.2525,
2023-06-02,,,,,,1.2448,
2023-06-03,,,,,,,
2023-06-04,,,,,,,
2023-06-05,1.429,1.4643000000000002,0.5295000000000001,0.5295000000000001,,1.2437,
2023-06-06,,,,,,1.2424,
2023-06-07,,,,,,1.2434,
2023-06-08,,,,,,1.2553,
2023-06-09,,,,,,1.2569,
2023-06-10,,,,,,,
2023-06-11,,,,,,,
2023-06-12,1.4271,1.4548,0.5295000000000001,0.5295000000000001,,1.2511,
2023-06-13,,,,,,1.2612,
2023-06-14,,,,,,1.2661,
2023-06-15,,,,,,1.2781,
2023-06-16,,,,,,1.2817,
2023-06-17,,,,,,,
2023-06-18,,,,,,,
2023-06-19,1.4295,1.452,0.5295000000000001,0.5295000000000001,,1.279,
2023-06-20,,,,,,1.2761,
2023-06-21,,,,,,1.2769,
2023-06-22,,,,,,1.2746,
2023-06-23,,,,,,1.2711,
2023-06-24,,,,,,,
2023-06-25,,,,,,,
2023-06-26,1.4343,1.4565,0.5295000000000001,0.5295000000000001,,1.2712,
2023-06-27,,,,,,1.2746,
2023-06-28,,,,,,1.264,
2023-06-29,,,,,,1.2612,
2023-06-30,,,,,,1.2704,
2023-07-01,,,,,80.11,,
2023-07-02,,,,,,,
2023-07-03,1.4340000000000002,1.4552,0.5295000000000001,0.5295000000000001,,1.2691,
2023-07-04,,,,,,1.2712,
2023-07-05,,,,,,1.2704,
2023-07-06,,,,,,1.274,
2023-07-07,,,,,,1.2836,
2023-07-08,,,,,,,
2023-07-09,,,,,,,
2023-07-10,1.4287,1.4472999999999998,0.5295000000000001,0.5295000000000001,,1.2859,
2023-07-11,,,,,,1.2932,
2023-07-12,,,,,,1.2986,
2023-07-13,,,,,,1.3133,
2023-07-14,,,,,,1.3086,
2023-07-15,,,,,,,
2023-07-16,,,,,,,
2023-07-17,1.4277000000000002,1.4464,0.5295000000000001,0.5295000000000001,,1.3071,
2023-07-18,,,,,,1.3034,
2023-07-19,,,,,,1.2937,
2023-07-20,,,,,,1.2865,
2023-07-21,,,,,,1.2855,
2023-07-22,,,,,,,
2023-07-23,,,,,,,
2023-07-24,1.4296,1.4513,0.5295000000000001,0.5295000000000001,,1.2832,
2023-07-25,,,,,,1.29,
2023-07-26,,,,,,1.2939,
2023-07-27,,,,,,1.2793,
2023-07-28,,,,,,1.285,
2023-07-29,,,,,,,
2023-07-30,,,,,,,
2023-07-31,1.4413,1.4594999999999998,0.5295000000000001,0.5295000000000001,,1.2837,
2023-08-01,,,,,86.15,1.2777,
2023-08-02,,,,,,1.2709,
2023-08-03,,,,,,1.2713,
2023-08-04,,,,,,1.2748,
2023-08-05,,,,,,,
2023-08-06,,,,,,,
2023-08-07,1.4618,1.4823,0.5295000000000001,0.5295000000000001,,1.2784,
2023-08-08,,,,,,1.2746,
2023-08-09,,,,,,1.2718,
2023-08-10,,,,,,1.2675,
2023-08-11,,,,,,1.2694,
2023-08-12,,,,,,,
2023-08-13,,,,,,,
2023-08-14,1.4777,1.5037,0.5295000000000001,0.5295000000000001,,1.268,
2023-08-15,,,,,,1.2703,
2023-08-16,,,,,,1.2727,
2023-08-17,,,,,,1.2745,
2023-08-18,,,,,,1.273,
2023-08-19,,,,,,,
2023-08-20,,,,,,,
2023-08-21,1.494,1.5214,0.5295000000000001,0.5295000000000001,,1.2754,
2023-08-22,,,,,,1.273,
2023-08-23,,,,,,1.2726,
2023-08-24,,,,,,1.2599,
2023-08-25,,,,,,1.2577,
2023-08-26,,,,,,,
2023-08-27,,,,,,,
2023-08-28,1.5073,1.5352,0.5295000000000001,0.5295000000000001,,1.2603,
2023-08-29,,,,,,1.2638,
2023-08-30,,,,,,1.2718,
2023-08-31,,,,,,1.2673,
2023-09-01,,,,,93.72,1.2588,
2023-09-02,,,,,,,
2023-09-03,,,,,,,
2023-09-04,1.5171,1.5465,0.5295000000000001,0.5295000000000001,,1.2621,
2023-09-05,,,,,,1.2563,
2023-09-06,,,,,,1.2505,
2023-09-07,,,,,,1.2473,
2023-09-08,,,,,,1.2464,
2023-09-09,,,,,,,
2023-09-10,,,,,,,
2023-09-11,1.531,1.5615,0.5295000000000001,0.5295000000000001,,1.2509,
2023-09-12,,,,,,1.2484,
2023-09-13,,,,,,1.2488,
2023-09-14,,,,,,1.2409,
2023-09-15,,,,,,1.2389,
2023-09-16,,,,,,,
2023-09-17,,,,,,,
2023-09-18,1.5406,1.5816,0.5295000000000001,0.5295000000000001,,1.2382,
2023-09-19,,,,,,1.239,
2023-09-20,,,,,,1.2344,
2023-09-21,,,,,,1.2294,
2023-09-22,,,,,,1.2238,
2023-09-23,,,,,,,
2023-09-24,,,,,,,
2023-09-25,1.5541,1.6061,0.5295000000000001,0.5295000000000001,,1.2211,
2023-09-26,,,,,,1.2157,
2023-09-27,,,,,,1.2134,
2023-09-28,,,,,,1.2197,
2023-09-29,,,,,,1.2197,
2023-09-30,,,,,,,
2023-10-01,,,,,90.6,,
2023-10-02,1.5602,1.6215000000000002,0.5295000000000001,0.5295000000000001,,1.2086,
2023-10-03,,,,,,1.2075,
2023-10-04,,,,,,1.2128,
2023-10-05,,,,,,1.219,
2023-10-06,,,,,,1.2238,
2023-10-07,,,,,,,
2023-10-08,,,,,,,
2023-10-09,1.5594,1.6249,0.5295000000000001,0.5295000000000001,,1.2236,
2023-10-10,,,,,,1.2285,
2023-10-11,,,,,,1.2311,
2023-10-12,,,,,,1.2173,
2023-10-13,,,,,,1.2141,
2023-10-14,,,,,,,
2023-10-15,,,,,,,
2023-10-16,1.5509,1.6231,0.5295000000000001,0.5295000000000001,,1.2216,
2023-10-17,,,,,,1.2178,
2023-10-18,,,,,,1.214,
2023-10-19,,,,,,1.2143,
2023-10-20,,,,,,1.216,
2023-10-21,,,,,,,
2023-10-22,,,,,,,
2023-10-23,1.5463,1.6219,0.5295000000000001,0.5295000000000001,,1.2248,
2023-10-24,,,,,,1.2159,
2023-10-25,,,,,,1.2108,
2023-10-26,,,,,,1.2126,
2023-10-27,,,,,,1.2122,
2023-10-28,,,,,,,
2023-10-29,,,,,,,
2023-10-30,1.5397,1.6176,0.5295000000000001,0.5295000000000001,,1.2168,
2023-10-31,,,,,,1.2152,
2023-11-01,,,,,82.94,1.215,
2023-11-02,,,,,,1.2201,
2023-11-03,,,,,,1.2376,
2023-11-04,,,,,,,
2023-11-05,,,,,,,
2023-11-06,1.5319999999999998,1.6086,0.5295000000000001,0.5295000000000001,,1.2341,
2023-11-07,,,,,,1.2299,
2023-11-08,,,,,,1.2282,
2023-11-09,,,,,,1.2221,
2023-11-10,,,,,,1.2222,
2023-11-11,,,,,,,
2023-11-12,,,,,,,
2023-11-13,1.5238999999999998,1.6039,0.5295000000000001,0.5295000000000001,,1.2278,
2023-11-14,,,,,,1.2497,
2023-11-15,,,,,,1.2418,
2023-11-16,,,,,,1.2406,
2023-11-17,,,,,,1.2461,
2023-11-18,,,,,,,
2023-11-19,,,,,,,
2023-11-20,1.505,1.5844,0.5295000000000001,0.5295000000000001,,1.2504,
2023-11-21,,,,,,1.2537,
2023-11-22,,,,,,1.2492,
2023-11-23,,,,,,1.2533,
2023-11-24,,,,,,1.2603,
2023-11-25,,,,,,,
2023-11-26,,,,,,,
2023-11-27,1.4799,1.5618,0.5295000000000001,0.5295000000000001,,1.2625,
2023-11-28,,,,,,1.2693,
2023-11-29,,,,,,1.2694,
2023-11-30,,,,,,1.2622,
2023-12-01,,,,,77.63,1.27,
2023-12-02,,,,,,,
2023-12-03,,,,,,,
2023-12-04,1.4571,1.541,0.5295000000000001,0.5295000000000001,,1.2632,
2023-12-05,,,,,,1.2593,
2023-12-06,,,,,,1.2559,
2023-12-07,,,,,,1.259,
2023-12-08,,,,,,1.2546,
2023-12-09,,,,,,,
2023-12-10,,,,,,,
2023-12-11,1.4380000000000002,1.5201,0.5295000000000001,0.5295000000000001,,1.2553,
2023-12-12,,,,,,1.2561,
2023-12-13,,,,,,1.2618,
2023-12-14,,,,,,1.2766,
2023-12-15,,,,,,1.2675,
2023-12-16,,,,,,,
2023-12-17,,,,,,,
2023-12-18,1.4150999999999998,1.5038,0.5295000000000001,0.5295000000000001,,1.2642,
2023-12-19,,,,,,1.273,
2023-12-20,,,,,,1.2637,
2023-12-21,,,,,,1.2688,
2023-12-22,,,,,,1.27,
2023-12-23,,,,,,,
2023-12-24,,,,,,,
2023-12-25,1.4033000000000002,1.4924000000000002,0.5295000000000001,0.5295000000000001,,1.2689,
2023-12-26,,,,,,1.2726,
2023-12-27,,,,,,1.2794,
2023-12-28,,,,,,1.273,
2023-12-29,,,,,,1.2729,
2023-12-30,,,,,,,
2023-12-31,,,,,,,
2024-01-01,1.4078,1.4866,0.5295000000000001,0.5295000000000001,80.12,1.2723,
2024-01-02,,,,,,1.2614,
2024-01-03,,,,,,1.2662,
2024-01-04,,,,,,1.2679,
2024-01-05,,,,,,1.2716,
2024-01-06,,,,,,,
2024-01-07,,,,,,,
2024-01-08,1.3972,1.4821,0.5295000000000001,0.5295000000000001,,1.2747,
2024-01-09,,,,,,1.2705,
2024-01-10,,,,,,1.2739,
2024-01-11,,,,,,1.276,
2024-01-12,,,,,,1.2751,
2024-01-13,,,,,,,
2024-01-14,,,,,,,
2024-01-15,1.3949,1.4793,0.5295000000000001,0.5295000000000001,,1.2725,
2024-01-16,,,,,,1.2636,
2024-01-17,,,,,,1.2672,
2024-01-18,,,,,,1.2705,
2024-01-19,,,,,,1.27,
2024-01-20,,,,,,,
2024-01-21,,,,,,,
2024-01-22,1.3939,1.4796,0.5295000000000001,0.5295000000000001,,1.2706,
2024-01-23,,,,,,1.2687,
2024-01-24,,,,,,1.2723,
2024-01-25,,,,,,1.2708,
2024-01-26,,,,,,1.2702,
2024-01-27,,,,,,,
2024-01-28,,,,,,,
2024-01-29,1.3991,1.4856,0.5295000000000001,0.5295000000000001,,1.2707,
2024-01-30,,,,,,1.2697,
2024-01-31,,,,,,1.2685,
2024-02-01,,,,,83.48,1.2742,
2024-02-02,,,,,,1.263,
2024-02-03,,,,,,,
2024-02-04,,,,,,,
2024-02-05,1.4055000000000002,1.4935,0.5295000000000001,0.5295000000000001,,1.2532,
2024-02-06,,,,,,1.2597,
2024-02-07,,,,,,1.2625,
2024-02-08,,,,,,1.2616,
2024-02-09,,,,,,1.2619,
2024-02-10,,,,,,,
2024-02-11,,,,,,,
2024-02-12,1.4128,1.5028,0.5295000000000001,0.5295000000000001,,1.2626,
2024-02-13,,,,,,1.2589,
2024-02-14,,,,,,1.2565,
2024-02-15,,,,,,1.26,
2024-02-16,,,,,,1.2598,
2024-02-17,,,,,,,
2024-02-18,,,,,,,
2024-02-19,1.4286,1.5208000000000002,0.5295000000000001,0.5295000000000001,,1.2593,
2024-02-20,,,,,,1.2618,
2024-02-21,,,,,,1.2634,
2024-02-22,,,,,,1.2659,
2024-02-23,,,,,,1.2679,
2024-02-24,,,,,,,
2024-02-25,,,,,,,
2024-02-26,1.4396,1.5329,0.5295000000000001,0.5295000000000001,,1.2682,
2024-02-27,,,,,,1.2683,
2024-02-28,,,,,,1.2661,
2024-02-29,,,,,,1.2623,
2024-03-01,,,,,85.41,1.265,
2024-03-02,,,,,,,
2024-03-03,,,,,,,
2024-03-04,1.4472999999999998,1.5453,0.5295000000000001,0.5295000000000001,,1.269,
2024-03-05,,,,,,1.2703,
2024-03-06,,,,,,1.2729,
2024-03-07,,,,,,1.2806,
2024-03-08,,,,,,1.2857,
2024-03-09,,,,,,,
2024-03-10,,,,,,,
2024-03-11,1.4469999999999998,1.5429,0.5295000000000001,0.5295000000000001,,1.2812,
2024-03-12,,,,,,1.2791,
2024-03-13,,,,,,1.2796,
2024-03-14,,,,,,1.2751,
2024-03-15,,,,,,1.2739,
2024-03-16,,,,,,,
2024-03-17,,,,,,,
2024-03-18,1.4472999999999998,1.5381,0.5295000000000001,0.5295000000000001,,1.2727,
2024-03-19,,,,,,1.272,
2024-03-20,,,,,,1.2784,
2024-03-21,,,,,,1.2656,
2024-03-22,,,,,,1.2601,
2024-03-23,,,,,,,
2024-03-24,,,,,,,
2024-03-25,1.4506,1.539,0.5295000000000001,0.5295000000000001,,1.2634,
2024-03-26,,,,,,1.2625,
2024-03-27,,,,,,1.2638,
2024-03-28,,,,,,1.2622,
2024-03-29,,,,,,1.2623,
2024-03-30,,,,,,,
2024-03-31,,,,,,,
2024-04-01,1.4625,1.56,0.5295000000000001,0.5295000000000001,89.94,1.255,
2024-04-02,,,,,,1.2577,
2024-04-03,,,,,,1.2651,
2024-04-04,,,,,,1.264,
2024-04-05,,,,,,1.2636,
2024-04-06,,,,,,,
2024-04-07,,,,,,,
2024-04-08,1.4691,1.5629,0.5295000000000001,0.5295000000000001,,1.2652,
2024-04-09,,,,,,1.2676,
2024-04-10,,,,,,1.2531,
2024-04-11,,,,,,1.255,
2024-04-12,,,,,,1.245,
2024-04-13,,,,,,,
2024-04-14,,,,,,,
2024-04-15,1.4849,1.5746,0.5295000000000001,0.5295000000000001,,1.2444,
2024-04-16,,,,,,1.2424,
2024-04-17,,,,,,1.2446,
2024-04-18,,,,,,1.2435,
2024-04-19,,,,,,1.2371,
2024-04-20,,,,,,,
2024-04-21,,,,,,,
2024-04-22,1.4921,1.5798,0.5295000000000001,0.5295000000000001,,1.2349,
2024-04-23,,,,,,1.2448,
2024-04-24,,,,,,1.2461,
2024-04-25,,,,,,1.2513,
2024-04-26,,,,,,1.2489,
2024-04-27,,,,,,,
2024-04-28,,,,,,,
2024-04-29,1.4949,1.5798,0.5295000000000001,0.5295000000000001,,1.2561,
2024-04-30,,,,,,1.249,
2024-05-01,,,,,81.75,1.2525,
2024-05-02,,,,,,1.2531,
2024-05-03,,,,,,1.2544,
2024-05-04,,,,,,,
2024-05-05,,,,,,,
2024-05-06,1.4953999999999998,1.5763999999999998,0.5295000000000001,0.5295000000000001,,1.2561,
2024-05-07,,,,,,1.2504,
2024-05-08,,,,,,1.2496,
2024-05-09,,,,,,1.2522,
2024-05-10,,,,,,1.2521,
2024-05-11,,,,,,,
2024-05-12,,,,,,,
2024-05-13,1.4923,1.5708000000000002,0.5295000000000001,0.5295000000000001,,1.2558,
2024-05-14,,,,,,1.2588,
2024-05-15,,,,,,1.2685,
2024-05-16,,,,,,1.2666,
2024-05-17,,,,,,1.2699,
2024-05-18,,,,,,,
2024-05-19,,,,,,,
2024-05-20,1.4883000000000002,1.5621,0.5295000000000001,0.5295000000000001,,1.2704,
2024-05-21,,,,,,1.2707,
2024-05-22,,,,,,1.2715,
2024-05-23,,,,,,1.2697,
2024-05-24,,,,,,1.274,
2024-05-25,,,,,,,
2024-05-26,,,,,,,
2024-05-27,1.4765,1.543,0.5295000000000001,0.5295000000000001,,1.2767,
2024-05-28,,,,,,1.276,
2024-05-29,,,,,,1.2707,
2024-05-30,,,,,,1.273,
2024-05-31,,,,,,1.2739,
2024-06-01,,,,,82.25,,
2024-06-02,,,,,,,
2024-06-03,1.4727,1.5326,0.5295000000000001,0.5295000000000001,,1.2804,
2024-06-04,,,,,,1.2763,
2024-06-05,,,,,,1.2785,
2024-06-06,,,,,,1.2788,
2024-06-07,,,,,,1.2721,
2024-06-08,,,,,,,
2024-06-09,,,,,,,
2024-06-10,1.4625,1.5199,0.5295000000000001,0.5295000000000001,,1.273,
2024-06-11,,,,,,1.274,
2024-06-12,,,,,,1.2796,
2024-06-13,,,,,,1.2759,
2024-06-14,,,,,,1.2682,
2024-06-15,,,,,,,
2024-06-16,,,,,,,
2024-06-17,1.4509,1.507,0.5295000000000001,0.5295000000000001,,1.2703,
2024-06-18,,,,,,1.2707,
2024-06-19,,,,,,1.2717,
2024-06-20,,,,,,1.2655,
2024-06-21,,,,,,1.2645,
2024-06-22,,,,,,,
2024-06-23,,,,,,,
2024-06-24,1.4443,1.5012,0.5295000000000001,0.5295000000000001,,1.2679,
2024-06-25,,,,,,1.2683,
2024-06-26,,,,,,1.262,
2024-06-27,,,,,,1.2638,
2024-06-28,,,,,,1.2642,
2024-06-29,,,,,,,
2024-06-30,,,,,,,
2024-07-01,1.4428,1.5006,0.5295000000000001,0.5295000000000001,85.15,1.2647,
2024-07-02,,,,,,1.2684,
2024-07-03,,,,,,1.274,
2024-07-04,,,,,,1.2757,
2024-07-05,,,,,,1.2808,
2024-07-06,,,,,,,
2024-07-07,,,,,,,
2024-07-08,1.4445,1.5038999999999998,0.5295000000000001,0.5295000000000001,,1.2804,
2024-07-09,,,,,,1.2783,
2024-07-10,,,,,,1.2845,
2024-07-11,,,,,,1.2909,
2024-07-12,,,,,,1.2992,
2024-07-13,,,,,,,
2024-07-14,,,,,,,
2024-07-15,1.446,1.5056,0.5295000000000001,0.5295000000000001,,1.2966,
2024-07-16,,,,,,1.2965,
2024-07-17,,,,,,1.3008,
2024-07-18,,,,,,1.2941,
2024-07-19,,,,,,1.2919,
2024-07-20,,,,,,,
2024-07-21,,,,,,,
2024-07-22,1.4469,1.5059,0.5295000000000001,0.5295000000000001,,1.2932,
2024-07-23,,,,,,1.2905,
2024-07-24,,,,,,1.2906,
2024-07-25,,,,,,1.2851,
2024-07-26,,,,,,1.2872,
2024-07-27,,,,,,,
2024-07-28,,,,,,,
2024-07-29,1.4419,1.5016,0.5295000000000001,0.5295000000000001,,1.2859,
2024-07-30,,,,,,1.2834,
2024-07-31,,,,,,1.2856,
2024-08-01,,,,,80.36,1.2739,
2024-08-02,,,,,,1.2798,
2024-08-03,,,,,,,
2024-08-04,,,,,,,
2024-08-05,1.4342,1.491,0.5295000000000001,0.5295000000000001,,1.2773,
2024-08-06,,,,,,1.2689,
2024-08-07,,,,,,1.2691,
2024-08-08,,,,,,1.2747,
2024-08-09,,,,,,1.2759,
2024-08-10,,,,,,,
2024-08-11,,,,,,,
2024-08-12,1.4291,1.4848,0.5295000000000001,0.5295000000000001,,1.2764,
2024-08-13,,,,,,1.2857,
2024-08-14,,,,,,1.2825,
2024-08-15,,,,,,1.2851,
2024-08-16,,,,,,1.2944,
2024-08-17,,,,,,,
2024-08-18,,,,,,,
2024-08-19,1.4196,1.4742,0.5295000000000001,0.5295000000000001,,1.2988,
2024-08-20,,,,,,1.3029,
2024-08-21,,,,,,1.3092,
2024-08-22,,,,,,1.3088,
2024-08-23,,,,,,1.3209,
2024-08-24,,,,,,,
2024-08-25,,,,,,,
2024-08-26,1.4101,1.4615,0.5295000000000001,0.5295000000000001,,1.319,
2024-08-27,,,,,,1.3255,
2024-08-28,,,,,,1.319,
2024-08-29,,,,,,1.3168,
2024-08-30,,,,,,1.3126,
2024-08-31,,,,,,,
2024-09-01,,,,,74.02,,
2024-09-02,1.3996000000000002,1.4519,0.5295000000000001,0.5295000000000001,,1.3149,
2024-09-03,,,,,,1.3111,
2024-09-04,,,,,,1.3142,
2024-09-05,,,,,,1.3175,
2024-09-06,,,,,,1.3123,
2024-09-07,,,,,,,
2024-09-08,,,,,,,
2024-09-09,1.381,1.4340000000000002,0.5295000000000001,0.5295000000000001,,1.3072,
2024-09-10,,,,,,1.3079,
2024-09-11,,,,,,1.3043,
2024-09-12,,,,,,1.3123,
2024-09-13,,,,,,1.3122,
2024-09-14,,,,,,,
2024-09-15,,,,,,,
2024-09-16,1.3649,1.4161,0.5295000000000001,0.5295000000000001,,1.3216,
2024-09-17,,,,,,1.316,
2024-09-18,,,,,,1.3212,
2024-09-19,,,,,,1.3284,
2024-09-20,,,,,,1.3321,
2024-09-21,,,,,,,
2024-09-22,,,,,,,
2024-09-23,1.3525999999999998,1.4002,0.5295000000000001,0.5295000000000001,,1.3346,
2024-09-24,,,,,,1.3412,
2024-09-25,,,,,,1.3323,
2024-09-26,,,,,,1.3415,
2024-09-27,,,,,,1.3373,
2024-09-28,,,,,,,
2024-09-29,,,,,,,
2024-09-30,1.3417,1.3884999999999998,0.5295000000000001,0.5295000000000001,,1.337,
2024-10-01,,,,,75.63,1.3285,
2024-10-02,,,,,,1.3267,
2024-10-03,,,,,,1.3124,
2024-10-04,,,,,,1.3116,
2024-10-05,,,,,,,
2024-10-06,,,,,,,
2024-10-07,1.3359,1.3846,0.5295000000000001,0.5295000000000001,,1.3083,
2024-10-08,,,,,,1.3104,
2024-10-09,,,,,,1.307,
2024-10-10,,,,,,1.3058,
2024-10-11,,,,,,1.3066,
2024-10-12,,,,,,,
2024-10-13,,,,,,,
2024-10-14,1.3386000000000002,1.3908,0.5295000000000001,0.5295000000000001,,1.3059,
2024-10-15,,,,,,1.3072,
2024-10-16,,,,,,1.299,
2024-10-17,,,,,,1.301,
2024-10-18,,,,,,1.3048,
2024-10-19,,,,,,,
2024-10-20,,,,,,,
2024-10-21,1.3399,1.3925999999999998,0.5295000000000001,0.5295000000000001,,1.2984,
2024-10-22,,,,,,1.2983,
2024-10-23,,,,,,1.292,
2024-10-24,,,,,,1.2972,
2024-10-25,,,,,,1.2959,
2024-10-26,,,,,,,
2024-10-27,,,,,,,
2024-10-28,1.3441,1.3971,0.5295000000000001,0.5295000000000001,,1.2971,
2024-10-29,,,,,,1.3015,
2024-10-30,,,,,,1.2962,
2024-10-31,,,,,,1.2898,
2024-11-01,,,,,74.35,1.2926,
2024-11-02,,,,,,,
2024-11-03,,,,,,,
2024-11-04,1.3441,1.3984,0.5295000000000001,0.5295000000000001,,1.2957,
2024-11-05,,,,,,1.3041,
2024-11-06,,,,,,1.2878,
2024-11-07,,,,,,1.2986,
2024-11-08,,,,,,1.2921,
2024-11-09,,,,,,,
2024-11-10,,,,,,,
2024-11-11,1.3459,1.4013,0.5295000000000001,0.5295000000000001,,1.2869,
2024-11-12,,,,,,1.2747,
2024-11-13,,,,,,1.2703,
2024-11-14,,,,,,1.2665,
2024-11-15,,,,,,1.2617,
2024-11-16,,,,,,,
2024-11-17,,,,,,,
2024-11-18,1.3485,1.4049,0.5295000000000001,0.5295000000000001,,1.2676,
2024-11-19,,,,,,1.2682,
2024-11-20,,,,,,1.265,
2024-11-21,,,,,,1.2586,
2024-11-22,,,,,,1.2531,
2024-11-23,,,,,,,
2024-11-24,,,,,,,
2024-11-25,1.3537,1.414,0.5295000000000001,0.5295000000000001,,1.2567,
2024-11-26,,,,,,1.2568,
2024-11-27,,,,,,1.2678,
2024-11-28,,,,,,1.2687,
2024-11-29,,,,,,1.2737,
2024-11-30,,,,,,,
2024-12-01,,,,,73.86,,
2024-12-02,1.3593000000000002,1.4204,0.5295000000000001,0.5295000000000001,,1.2655,
2024-12-03,,,,,,1.267,
2024-12-04,,,,,,1.2702,
2024-12-05,,,,,,1.2758,
2024-12-06,,,,,,1.2742,
2024-12-07,,,,,,,
2024-12-08,,,,,,,
2024-12-09,1.3622999999999998,1.4249,0.5295000000000001,0.5295000000000001,,1.2749,
2024-12-10,,,,,,1.2768,
2024-12-11,,,,,,1.275,
2024-12-12,,,,,,1.267,
2024-12-13,,,,,,1.2618,
2024-12-14,,,,,,,
2024-12-15,,,,,,,
2024-12-16,1.3639,1.4271,0.5295000000000001,0.5295000000000001,,1.2681,
2024-12-17,,,,,,1.271,
2024-12-18,,,,,,1.2573,
2024-12-19,,,,,,1.2499,
2024-12-20,,,,,,1.2569,
2024-12-21,,,,,,,
2024-12-22,,,,,,,
2024-12-23,1.3639,1.4285,0.5295000000000001,0.5295000000000001,,1.2533,
2024-12-24,,,,,,1.2542,
2024-12-25,,,,,,1.2553,
2024-12-26,,,,,,1.2525,
2024-12-27,,,,,,1.2579,
2024-12-28,,,,,,,
2024-12-29,,,,,,,
2024-12-30,1.3649,1.4298,0.5295000000000001,0.5295000000000001,,1.2551,
2024-12-31,,,,,,1.2511,
